  main.cpp
C:\Users\adham\onedrive\Desktop\ACM\sfmlSolving\sfmlSolving\main.cpp(2034,38): warning C4244: 'argument': conversion from 'int' to 'float', possible loss of data
C:\Users\adham\onedrive\Desktop\ACM\sfmlSolving\sfmlSolving\main.cpp(2081,57): warning C4244: 'argument': conversion from 'int' to 'T', possible loss of data
C:\Users\adham\onedrive\Desktop\ACM\sfmlSolving\sfmlSolving\main.cpp(2081,57): warning C4244:         with
C:\Users\adham\onedrive\Desktop\ACM\sfmlSolving\sfmlSolving\main.cpp(2081,57): warning C4244:         [
C:\Users\adham\onedrive\Desktop\ACM\sfmlSolving\sfmlSolving\main.cpp(2081,57): warning C4244:             T=float
C:\Users\adham\onedrive\Desktop\ACM\sfmlSolving\sfmlSolving\main.cpp(2081,57): warning C4244:         ]
C:\Users\adham\onedrive\Desktop\ACM\sfmlSolving\sfmlSolving\main.cpp(2081,38): warning C4244: 'argument': conversion from 'int' to 'T', possible loss of data
C:\Users\adham\onedrive\Desktop\ACM\sfmlSolving\sfmlSolving\main.cpp(2081,38): warning C4244:         with
C:\Users\adham\onedrive\Desktop\ACM\sfmlSolving\sfmlSolving\main.cpp(2081,38): warning C4244:         [
C:\Users\adham\onedrive\Desktop\ACM\sfmlSolving\sfmlSolving\main.cpp(2081,38): warning C4244:             T=float
C:\Users\adham\onedrive\Desktop\ACM\sfmlSolving\sfmlSolving\main.cpp(2081,38): warning C4244:         ]
C:\Users\adham\onedrive\Desktop\ACM\sfmlSolving\sfmlSolving\main.cpp(2092,61): warning C4244: 'argument': conversion from 'int' to 'T', possible loss of data
C:\Users\adham\onedrive\Desktop\ACM\sfmlSolving\sfmlSolving\main.cpp(2092,61): warning C4244:         with
C:\Users\adham\onedrive\Desktop\ACM\sfmlSolving\sfmlSolving\main.cpp(2092,61): warning C4244:         [
C:\Users\adham\onedrive\Desktop\ACM\sfmlSolving\sfmlSolving\main.cpp(2092,61): warning C4244:             T=float
C:\Users\adham\onedrive\Desktop\ACM\sfmlSolving\sfmlSolving\main.cpp(2092,61): warning C4244:         ]
C:\Users\adham\onedrive\Desktop\ACM\sfmlSolving\sfmlSolving\main.cpp(2092,40): warning C4244: 'argument': conversion from 'int' to 'T', possible loss of data
C:\Users\adham\onedrive\Desktop\ACM\sfmlSolving\sfmlSolving\main.cpp(2092,40): warning C4244:         with
C:\Users\adham\onedrive\Desktop\ACM\sfmlSolving\sfmlSolving\main.cpp(2092,40): warning C4244:         [
C:\Users\adham\onedrive\Desktop\ACM\sfmlSolving\sfmlSolving\main.cpp(2092,40): warning C4244:             T=float
C:\Users\adham\onedrive\Desktop\ACM\sfmlSolving\sfmlSolving\main.cpp(2092,40): warning C4244:         ]
C:\Users\adham\onedrive\Desktop\ACM\sfmlSolving\sfmlSolving\main.cpp(2147,38): warning C4244: 'argument': conversion from 'int' to 'float', possible loss of data
C:\Users\adham\onedrive\Desktop\ACM\sfmlSolving\sfmlSolving\main.cpp(2194,57): warning C4244: 'argument': conversion from 'int' to 'T', possible loss of data
C:\Users\adham\onedrive\Desktop\ACM\sfmlSolving\sfmlSolving\main.cpp(2194,57): warning C4244:         with
C:\Users\adham\onedrive\Desktop\ACM\sfmlSolving\sfmlSolving\main.cpp(2194,57): warning C4244:         [
C:\Users\adham\onedrive\Desktop\ACM\sfmlSolving\sfmlSolving\main.cpp(2194,57): warning C4244:             T=float
C:\Users\adham\onedrive\Desktop\ACM\sfmlSolving\sfmlSolving\main.cpp(2194,57): warning C4244:         ]
C:\Users\adham\onedrive\Desktop\ACM\sfmlSolving\sfmlSolving\main.cpp(2194,38): warning C4244: 'argument': conversion from 'int' to 'T', possible loss of data
C:\Users\adham\onedrive\Desktop\ACM\sfmlSolving\sfmlSolving\main.cpp(2194,38): warning C4244:         with
C:\Users\adham\onedrive\Desktop\ACM\sfmlSolving\sfmlSolving\main.cpp(2194,38): warning C4244:         [
C:\Users\adham\onedrive\Desktop\ACM\sfmlSolving\sfmlSolving\main.cpp(2194,38): warning C4244:             T=float
C:\Users\adham\onedrive\Desktop\ACM\sfmlSolving\sfmlSolving\main.cpp(2194,38): warning C4244:         ]
C:\Users\adham\onedrive\Desktop\ACM\sfmlSolving\sfmlSolving\main.cpp(2205,61): warning C4244: 'argument': conversion from 'int' to 'T', possible loss of data
C:\Users\adham\onedrive\Desktop\ACM\sfmlSolving\sfmlSolving\main.cpp(2205,61): warning C4244:         with
C:\Users\adham\onedrive\Desktop\ACM\sfmlSolving\sfmlSolving\main.cpp(2205,61): warning C4244:         [
C:\Users\adham\onedrive\Desktop\ACM\sfmlSolving\sfmlSolving\main.cpp(2205,61): warning C4244:             T=float
C:\Users\adham\onedrive\Desktop\ACM\sfmlSolving\sfmlSolving\main.cpp(2205,61): warning C4244:         ]
C:\Users\adham\onedrive\Desktop\ACM\sfmlSolving\sfmlSolving\main.cpp(2205,40): warning C4244: 'argument': conversion from 'int' to 'T', possible loss of data
C:\Users\adham\onedrive\Desktop\ACM\sfmlSolving\sfmlSolving\main.cpp(2205,40): warning C4244:         with
C:\Users\adham\onedrive\Desktop\ACM\sfmlSolving\sfmlSolving\main.cpp(2205,40): warning C4244:         [
C:\Users\adham\onedrive\Desktop\ACM\sfmlSolving\sfmlSolving\main.cpp(2205,40): warning C4244:             T=float
C:\Users\adham\onedrive\Desktop\ACM\sfmlSolving\sfmlSolving\main.cpp(2205,40): warning C4244:         ]
C:\Users\adham\onedrive\Desktop\ACM\sfmlSolving\sfmlSolving\main.cpp(2258,38): warning C4244: 'argument': conversion from 'int' to 'float', possible loss of data
C:\Users\adham\onedrive\Desktop\ACM\sfmlSolving\sfmlSolving\main.cpp(2470,30): warning C4244: 'argument': conversion from 'int' to 'float', possible loss of data
C:\Users\adham\onedrive\Desktop\ACM\sfmlSolving\sfmlSolving\main.cpp(3237,22): warning C4244: 'argument': conversion from 'int' to 'float', possible loss of data
C:\Users\adham\onedrive\Desktop\ACM\sfmlSolving\sfmlSolving\main.cpp(3237,19): warning C4244: 'argument': conversion from 'int' to 'float', possible loss of data
C:\Users\adham\onedrive\Desktop\ACM\sfmlSolving\sfmlSolving\main.cpp(3246,26): warning C4244: 'argument': conversion from 'int' to 'float', possible loss of data
C:\Users\adham\onedrive\Desktop\ACM\sfmlSolving\sfmlSolving\main.cpp(3246,23): warning C4244: 'argument': conversion from 'int' to 'float', possible loss of data
C:\Users\adham\onedrive\Desktop\ACM\sfmlSolving\sfmlSolving\main.cpp(3281,26): warning C4244: 'argument': conversion from 'int' to 'float', possible loss of data
C:\Users\adham\onedrive\Desktop\ACM\sfmlSolving\sfmlSolving\main.cpp(3281,23): warning C4244: 'argument': conversion from 'int' to 'float', possible loss of data
C:\Users\adham\onedrive\Desktop\ACM\sfmlSolving\sfmlSolving\main.cpp(3316,24): warning C4244: 'argument': conversion from 'int' to 'float', possible loss of data
C:\Users\adham\onedrive\Desktop\ACM\sfmlSolving\sfmlSolving\main.cpp(3316,21): warning C4244: 'argument': conversion from 'int' to 'float', possible loss of data
C:\Users\adham\onedrive\Desktop\ACM\sfmlSolving\sfmlSolving\main.cpp(3324,25): warning C4244: 'argument': conversion from 'int' to 'float', possible loss of data
C:\Users\adham\onedrive\Desktop\ACM\sfmlSolving\sfmlSolving\main.cpp(3324,22): warning C4244: 'argument': conversion from 'int' to 'float', possible loss of data
C:\Users\adham\onedrive\Desktop\ACM\sfmlSolving\sfmlSolving\main.cpp(3325,75): warning C4244: 'argument': conversion from 'T' to 'float', possible loss of data
C:\Users\adham\onedrive\Desktop\ACM\sfmlSolving\sfmlSolving\main.cpp(3325,75): warning C4244:         with
C:\Users\adham\onedrive\Desktop\ACM\sfmlSolving\sfmlSolving\main.cpp(3325,75): warning C4244:         [
C:\Users\adham\onedrive\Desktop\ACM\sfmlSolving\sfmlSolving\main.cpp(3325,75): warning C4244:             T=unsigned int
C:\Users\adham\onedrive\Desktop\ACM\sfmlSolving\sfmlSolving\main.cpp(3325,75): warning C4244:         ]
C:\Users\adham\onedrive\Desktop\ACM\sfmlSolving\sfmlSolving\main.cpp(3325,45): warning C4244: 'argument': conversion from 'T' to 'float', possible loss of data
C:\Users\adham\onedrive\Desktop\ACM\sfmlSolving\sfmlSolving\main.cpp(3325,45): warning C4244:         with
C:\Users\adham\onedrive\Desktop\ACM\sfmlSolving\sfmlSolving\main.cpp(3325,45): warning C4244:         [
C:\Users\adham\onedrive\Desktop\ACM\sfmlSolving\sfmlSolving\main.cpp(3325,45): warning C4244:             T=unsigned int
C:\Users\adham\onedrive\Desktop\ACM\sfmlSolving\sfmlSolving\main.cpp(3325,45): warning C4244:         ]
C:\Users\adham\onedrive\Desktop\ACM\sfmlSolving\sfmlSolving\main.cpp(3355,24): warning C4244: 'argument': conversion from 'int' to 'float', possible loss of data
C:\Users\adham\onedrive\Desktop\ACM\sfmlSolving\sfmlSolving\main.cpp(3355,21): warning C4244: 'argument': conversion from 'int' to 'float', possible loss of data
C:\Users\adham\onedrive\Desktop\ACM\sfmlSolving\sfmlSolving\main.cpp(3387,25): warning C4244: 'argument': conversion from 'int' to 'float', possible loss of data
C:\Users\adham\onedrive\Desktop\ACM\sfmlSolving\sfmlSolving\main.cpp(3387,22): warning C4244: 'argument': conversion from 'int' to 'float', possible loss of data
C:\Users\adham\onedrive\Desktop\ACM\sfmlSolving\sfmlSolving\main.cpp(3413,26): warning C4244: 'initializing': conversion from 'float' to 'int', possible loss of data
C:\Users\adham\onedrive\Desktop\ACM\sfmlSolving\sfmlSolving\main.cpp(3549,12): warning C4244: 'initializing': conversion from 'double' to 'float', possible loss of data
C:\Users\adham\onedrive\Desktop\ACM\sfmlSolving\sfmlSolving\main.cpp(3585,14): warning C4244: 'initializing': conversion from 'double' to 'float', possible loss of data
C:\Users\adham\onedrive\Desktop\ACM\sfmlSolving\sfmlSolving\main.cpp(3633,27): warning C4305: 'argument': truncation from 'double' to 'float'
C:\Users\adham\onedrive\Desktop\ACM\sfmlSolving\sfmlSolving\main.cpp(3633,22): warning C4305: 'argument': truncation from 'double' to 'float'
C:\Users\adham\onedrive\Desktop\ACM\sfmlSolving\sfmlSolving\main.cpp(3641,25): warning C4305: 'argument': truncation from 'double' to 'float'
C:\Users\adham\onedrive\Desktop\ACM\sfmlSolving\sfmlSolving\main.cpp(3641,20): warning C4305: 'argument': truncation from 'double' to 'float'
C:\Users\adham\onedrive\Desktop\ACM\sfmlSolving\sfmlSolving\main.cpp(3642,26): warning C4305: 'argument': truncation from 'double' to 'float'
C:\Users\adham\onedrive\Desktop\ACM\sfmlSolving\sfmlSolving\main.cpp(3642,21): warning C4305: 'argument': truncation from 'double' to 'float'
C:\Users\adham\onedrive\Desktop\ACM\sfmlSolving\sfmlSolving\main.cpp(3696,30): warning C4305: 'argument': truncation from 'double' to 'float'
C:\Users\adham\onedrive\Desktop\ACM\sfmlSolving\sfmlSolving\main.cpp(3696,25): warning C4305: 'argument': truncation from 'double' to 'float'
C:\Users\adham\onedrive\Desktop\ACM\sfmlSolving\sfmlSolving\main.cpp(3708,33): warning C4305: 'argument': truncation from 'double' to 'float'
C:\Users\adham\onedrive\Desktop\ACM\sfmlSolving\sfmlSolving\main.cpp(3708,28): warning C4305: 'argument': truncation from 'double' to 'float'
C:\Users\adham\onedrive\Desktop\ACM\sfmlSolving\sfmlSolving\main.cpp(3709,33): warning C4305: 'argument': truncation from 'double' to 'float'
C:\Users\adham\onedrive\Desktop\ACM\sfmlSolving\sfmlSolving\main.cpp(3709,28): warning C4305: 'argument': truncation from 'double' to 'float'
C:\Users\adham\onedrive\Desktop\ACM\sfmlSolving\sfmlSolving\main.cpp(3720,35): warning C4305: 'argument': truncation from 'double' to 'float'
C:\Users\adham\onedrive\Desktop\ACM\sfmlSolving\sfmlSolving\main.cpp(3720,30): warning C4305: 'argument': truncation from 'double' to 'float'
C:\Users\adham\onedrive\Desktop\ACM\sfmlSolving\sfmlSolving\main.cpp(3721,36): warning C4305: 'argument': truncation from 'double' to 'float'
C:\Users\adham\onedrive\Desktop\ACM\sfmlSolving\sfmlSolving\main.cpp(3721,31): warning C4305: 'argument': truncation from 'double' to 'float'
C:\Users\adham\onedrive\Desktop\ACM\sfmlSolving\sfmlSolving\main.cpp(3805,35): warning C4244: 'initializing': conversion from 'double' to 'float', possible loss of data
C:\Users\adham\onedrive\Desktop\ACM\sfmlSolving\sfmlSolving\main.cpp(3880,51): warning C4244: 'argument': conversion from 'float' to 'T', possible loss of data
C:\Users\adham\onedrive\Desktop\ACM\sfmlSolving\sfmlSolving\main.cpp(3880,51): warning C4244:         with
C:\Users\adham\onedrive\Desktop\ACM\sfmlSolving\sfmlSolving\main.cpp(3880,51): warning C4244:         [
C:\Users\adham\onedrive\Desktop\ACM\sfmlSolving\sfmlSolving\main.cpp(3880,51): warning C4244:             T=int
C:\Users\adham\onedrive\Desktop\ACM\sfmlSolving\sfmlSolving\main.cpp(3880,51): warning C4244:         ]
C:\Users\adham\onedrive\Desktop\ACM\sfmlSolving\sfmlSolving\main.cpp(3880,38): warning C4244: 'argument': conversion from 'float' to 'T', possible loss of data
C:\Users\adham\onedrive\Desktop\ACM\sfmlSolving\sfmlSolving\main.cpp(3880,38): warning C4244:         with
C:\Users\adham\onedrive\Desktop\ACM\sfmlSolving\sfmlSolving\main.cpp(3880,38): warning C4244:         [
C:\Users\adham\onedrive\Desktop\ACM\sfmlSolving\sfmlSolving\main.cpp(3880,38): warning C4244:             T=int
C:\Users\adham\onedrive\Desktop\ACM\sfmlSolving\sfmlSolving\main.cpp(3880,38): warning C4244:         ]
C:\Users\adham\onedrive\Desktop\ACM\sfmlSolving\sfmlSolving\main.cpp(3887,47): warning C4244: 'argument': conversion from 'double' to 'float', possible loss of data
C:\Users\adham\onedrive\Desktop\ACM\sfmlSolving\sfmlSolving\main.cpp(3887,32): warning C4244: 'argument': conversion from 'double' to 'float', possible loss of data
C:\Users\adham\onedrive\Desktop\ACM\sfmlSolving\sfmlSolving\main.cpp(3905,102): warning C4244: 'argument': conversion from 'float' to 'T', possible loss of data
C:\Users\adham\onedrive\Desktop\ACM\sfmlSolving\sfmlSolving\main.cpp(3905,102): warning C4244:         with
C:\Users\adham\onedrive\Desktop\ACM\sfmlSolving\sfmlSolving\main.cpp(3905,102): warning C4244:         [
C:\Users\adham\onedrive\Desktop\ACM\sfmlSolving\sfmlSolving\main.cpp(3905,102): warning C4244:             T=int
C:\Users\adham\onedrive\Desktop\ACM\sfmlSolving\sfmlSolving\main.cpp(3905,102): warning C4244:         ]
C:\Users\adham\onedrive\Desktop\ACM\sfmlSolving\sfmlSolving\main.cpp(3905,89): warning C4244: 'argument': conversion from 'float' to 'T', possible loss of data
C:\Users\adham\onedrive\Desktop\ACM\sfmlSolving\sfmlSolving\main.cpp(3905,89): warning C4244:         with
C:\Users\adham\onedrive\Desktop\ACM\sfmlSolving\sfmlSolving\main.cpp(3905,89): warning C4244:         [
C:\Users\adham\onedrive\Desktop\ACM\sfmlSolving\sfmlSolving\main.cpp(3905,89): warning C4244:             T=int
C:\Users\adham\onedrive\Desktop\ACM\sfmlSolving\sfmlSolving\main.cpp(3905,89): warning C4244:         ]
C:\Users\adham\onedrive\Desktop\ACM\sfmlSolving\sfmlSolving\main.cpp(3905,73): warning C4244: 'argument': conversion from 'float' to 'T', possible loss of data
C:\Users\adham\onedrive\Desktop\ACM\sfmlSolving\sfmlSolving\main.cpp(3905,73): warning C4244:         with
C:\Users\adham\onedrive\Desktop\ACM\sfmlSolving\sfmlSolving\main.cpp(3905,73): warning C4244:         [
C:\Users\adham\onedrive\Desktop\ACM\sfmlSolving\sfmlSolving\main.cpp(3905,73): warning C4244:             T=int
C:\Users\adham\onedrive\Desktop\ACM\sfmlSolving\sfmlSolving\main.cpp(3905,73): warning C4244:         ]
C:\Users\adham\onedrive\Desktop\ACM\sfmlSolving\sfmlSolving\main.cpp(3905,45): warning C4244: 'argument': conversion from 'float' to 'T', possible loss of data
C:\Users\adham\onedrive\Desktop\ACM\sfmlSolving\sfmlSolving\main.cpp(3905,45): warning C4244:         with
C:\Users\adham\onedrive\Desktop\ACM\sfmlSolving\sfmlSolving\main.cpp(3905,45): warning C4244:         [
C:\Users\adham\onedrive\Desktop\ACM\sfmlSolving\sfmlSolving\main.cpp(3905,45): warning C4244:             T=int
C:\Users\adham\onedrive\Desktop\ACM\sfmlSolving\sfmlSolving\main.cpp(3905,45): warning C4244:         ]
C:\Users\adham\onedrive\Desktop\ACM\sfmlSolving\sfmlSolving\main.cpp(3917,100): warning C4244: 'argument': conversion from 'float' to 'T', possible loss of data
C:\Users\adham\onedrive\Desktop\ACM\sfmlSolving\sfmlSolving\main.cpp(3917,100): warning C4244:         with
C:\Users\adham\onedrive\Desktop\ACM\sfmlSolving\sfmlSolving\main.cpp(3917,100): warning C4244:         [
C:\Users\adham\onedrive\Desktop\ACM\sfmlSolving\sfmlSolving\main.cpp(3917,100): warning C4244:             T=int
C:\Users\adham\onedrive\Desktop\ACM\sfmlSolving\sfmlSolving\main.cpp(3917,100): warning C4244:         ]
C:\Users\adham\onedrive\Desktop\ACM\sfmlSolving\sfmlSolving\main.cpp(3917,87): warning C4244: 'argument': conversion from 'float' to 'T', possible loss of data
C:\Users\adham\onedrive\Desktop\ACM\sfmlSolving\sfmlSolving\main.cpp(3917,87): warning C4244:         with
C:\Users\adham\onedrive\Desktop\ACM\sfmlSolving\sfmlSolving\main.cpp(3917,87): warning C4244:         [
C:\Users\adham\onedrive\Desktop\ACM\sfmlSolving\sfmlSolving\main.cpp(3917,87): warning C4244:             T=int
C:\Users\adham\onedrive\Desktop\ACM\sfmlSolving\sfmlSolving\main.cpp(3917,87): warning C4244:         ]
C:\Users\adham\onedrive\Desktop\ACM\sfmlSolving\sfmlSolving\main.cpp(3917,71): warning C4244: 'argument': conversion from 'float' to 'T', possible loss of data
C:\Users\adham\onedrive\Desktop\ACM\sfmlSolving\sfmlSolving\main.cpp(3917,71): warning C4244:         with
C:\Users\adham\onedrive\Desktop\ACM\sfmlSolving\sfmlSolving\main.cpp(3917,71): warning C4244:         [
C:\Users\adham\onedrive\Desktop\ACM\sfmlSolving\sfmlSolving\main.cpp(3917,71): warning C4244:             T=int
C:\Users\adham\onedrive\Desktop\ACM\sfmlSolving\sfmlSolving\main.cpp(3917,71): warning C4244:         ]
C:\Users\adham\onedrive\Desktop\ACM\sfmlSolving\sfmlSolving\main.cpp(3917,43): warning C4244: 'argument': conversion from 'float' to 'T', possible loss of data
C:\Users\adham\onedrive\Desktop\ACM\sfmlSolving\sfmlSolving\main.cpp(3917,43): warning C4244:         with
C:\Users\adham\onedrive\Desktop\ACM\sfmlSolving\sfmlSolving\main.cpp(3917,43): warning C4244:         [
C:\Users\adham\onedrive\Desktop\ACM\sfmlSolving\sfmlSolving\main.cpp(3917,43): warning C4244:             T=int
C:\Users\adham\onedrive\Desktop\ACM\sfmlSolving\sfmlSolving\main.cpp(3917,43): warning C4244:         ]
C:\Users\adham\onedrive\Desktop\ACM\sfmlSolving\sfmlSolving\main.cpp(3922,102): warning C4244: 'argument': conversion from 'float' to 'T', possible loss of data
C:\Users\adham\onedrive\Desktop\ACM\sfmlSolving\sfmlSolving\main.cpp(3922,102): warning C4244:         with
C:\Users\adham\onedrive\Desktop\ACM\sfmlSolving\sfmlSolving\main.cpp(3922,102): warning C4244:         [
C:\Users\adham\onedrive\Desktop\ACM\sfmlSolving\sfmlSolving\main.cpp(3922,102): warning C4244:             T=int
C:\Users\adham\onedrive\Desktop\ACM\sfmlSolving\sfmlSolving\main.cpp(3922,102): warning C4244:         ]
C:\Users\adham\onedrive\Desktop\ACM\sfmlSolving\sfmlSolving\main.cpp(3922,89): warning C4244: 'argument': conversion from 'float' to 'T', possible loss of data
C:\Users\adham\onedrive\Desktop\ACM\sfmlSolving\sfmlSolving\main.cpp(3922,89): warning C4244:         with
C:\Users\adham\onedrive\Desktop\ACM\sfmlSolving\sfmlSolving\main.cpp(3922,89): warning C4244:         [
C:\Users\adham\onedrive\Desktop\ACM\sfmlSolving\sfmlSolving\main.cpp(3922,89): warning C4244:             T=int
C:\Users\adham\onedrive\Desktop\ACM\sfmlSolving\sfmlSolving\main.cpp(3922,89): warning C4244:         ]
C:\Users\adham\onedrive\Desktop\ACM\sfmlSolving\sfmlSolving\main.cpp(3922,73): warning C4244: 'argument': conversion from 'float' to 'T', possible loss of data
C:\Users\adham\onedrive\Desktop\ACM\sfmlSolving\sfmlSolving\main.cpp(3922,73): warning C4244:         with
C:\Users\adham\onedrive\Desktop\ACM\sfmlSolving\sfmlSolving\main.cpp(3922,73): warning C4244:         [
C:\Users\adham\onedrive\Desktop\ACM\sfmlSolving\sfmlSolving\main.cpp(3922,73): warning C4244:             T=int
C:\Users\adham\onedrive\Desktop\ACM\sfmlSolving\sfmlSolving\main.cpp(3922,73): warning C4244:         ]
C:\Users\adham\onedrive\Desktop\ACM\sfmlSolving\sfmlSolving\main.cpp(3922,45): warning C4244: 'argument': conversion from 'float' to 'T', possible loss of data
C:\Users\adham\onedrive\Desktop\ACM\sfmlSolving\sfmlSolving\main.cpp(3922,45): warning C4244:         with
C:\Users\adham\onedrive\Desktop\ACM\sfmlSolving\sfmlSolving\main.cpp(3922,45): warning C4244:         [
C:\Users\adham\onedrive\Desktop\ACM\sfmlSolving\sfmlSolving\main.cpp(3922,45): warning C4244:             T=int
C:\Users\adham\onedrive\Desktop\ACM\sfmlSolving\sfmlSolving\main.cpp(3922,45): warning C4244:         ]
C:\Users\adham\onedrive\Desktop\ACM\sfmlSolving\sfmlSolving\main.cpp(3929,102): warning C4244: 'argument': conversion from 'float' to 'T', possible loss of data
C:\Users\adham\onedrive\Desktop\ACM\sfmlSolving\sfmlSolving\main.cpp(3929,102): warning C4244:         with
C:\Users\adham\onedrive\Desktop\ACM\sfmlSolving\sfmlSolving\main.cpp(3929,102): warning C4244:         [
C:\Users\adham\onedrive\Desktop\ACM\sfmlSolving\sfmlSolving\main.cpp(3929,102): warning C4244:             T=int
C:\Users\adham\onedrive\Desktop\ACM\sfmlSolving\sfmlSolving\main.cpp(3929,102): warning C4244:         ]
C:\Users\adham\onedrive\Desktop\ACM\sfmlSolving\sfmlSolving\main.cpp(3929,89): warning C4244: 'argument': conversion from 'float' to 'T', possible loss of data
C:\Users\adham\onedrive\Desktop\ACM\sfmlSolving\sfmlSolving\main.cpp(3929,89): warning C4244:         with
C:\Users\adham\onedrive\Desktop\ACM\sfmlSolving\sfmlSolving\main.cpp(3929,89): warning C4244:         [
C:\Users\adham\onedrive\Desktop\ACM\sfmlSolving\sfmlSolving\main.cpp(3929,89): warning C4244:             T=int
C:\Users\adham\onedrive\Desktop\ACM\sfmlSolving\sfmlSolving\main.cpp(3929,89): warning C4244:         ]
C:\Users\adham\onedrive\Desktop\ACM\sfmlSolving\sfmlSolving\main.cpp(3929,73): warning C4244: 'argument': conversion from 'float' to 'T', possible loss of data
C:\Users\adham\onedrive\Desktop\ACM\sfmlSolving\sfmlSolving\main.cpp(3929,73): warning C4244:         with
C:\Users\adham\onedrive\Desktop\ACM\sfmlSolving\sfmlSolving\main.cpp(3929,73): warning C4244:         [
C:\Users\adham\onedrive\Desktop\ACM\sfmlSolving\sfmlSolving\main.cpp(3929,73): warning C4244:             T=int
C:\Users\adham\onedrive\Desktop\ACM\sfmlSolving\sfmlSolving\main.cpp(3929,73): warning C4244:         ]
C:\Users\adham\onedrive\Desktop\ACM\sfmlSolving\sfmlSolving\main.cpp(3929,45): warning C4244: 'argument': conversion from 'float' to 'T', possible loss of data
C:\Users\adham\onedrive\Desktop\ACM\sfmlSolving\sfmlSolving\main.cpp(3929,45): warning C4244:         with
C:\Users\adham\onedrive\Desktop\ACM\sfmlSolving\sfmlSolving\main.cpp(3929,45): warning C4244:         [
C:\Users\adham\onedrive\Desktop\ACM\sfmlSolving\sfmlSolving\main.cpp(3929,45): warning C4244:             T=int
C:\Users\adham\onedrive\Desktop\ACM\sfmlSolving\sfmlSolving\main.cpp(3929,45): warning C4244:         ]
C:\Users\adham\onedrive\Desktop\ACM\sfmlSolving\sfmlSolving\main.cpp(3933,108): warning C4244: 'argument': conversion from 'float' to 'T', possible loss of data
C:\Users\adham\onedrive\Desktop\ACM\sfmlSolving\sfmlSolving\main.cpp(3933,108): warning C4244:         with
C:\Users\adham\onedrive\Desktop\ACM\sfmlSolving\sfmlSolving\main.cpp(3933,108): warning C4244:         [
C:\Users\adham\onedrive\Desktop\ACM\sfmlSolving\sfmlSolving\main.cpp(3933,108): warning C4244:             T=int
C:\Users\adham\onedrive\Desktop\ACM\sfmlSolving\sfmlSolving\main.cpp(3933,108): warning C4244:         ]
C:\Users\adham\onedrive\Desktop\ACM\sfmlSolving\sfmlSolving\main.cpp(3933,95): warning C4244: 'argument': conversion from 'float' to 'T', possible loss of data
C:\Users\adham\onedrive\Desktop\ACM\sfmlSolving\sfmlSolving\main.cpp(3933,95): warning C4244:         with
C:\Users\adham\onedrive\Desktop\ACM\sfmlSolving\sfmlSolving\main.cpp(3933,95): warning C4244:         [
C:\Users\adham\onedrive\Desktop\ACM\sfmlSolving\sfmlSolving\main.cpp(3933,95): warning C4244:             T=int
C:\Users\adham\onedrive\Desktop\ACM\sfmlSolving\sfmlSolving\main.cpp(3933,95): warning C4244:         ]
C:\Users\adham\onedrive\Desktop\ACM\sfmlSolving\sfmlSolving\main.cpp(3933,79): warning C4244: 'argument': conversion from 'float' to 'T', possible loss of data
C:\Users\adham\onedrive\Desktop\ACM\sfmlSolving\sfmlSolving\main.cpp(3933,79): warning C4244:         with
C:\Users\adham\onedrive\Desktop\ACM\sfmlSolving\sfmlSolving\main.cpp(3933,79): warning C4244:         [
C:\Users\adham\onedrive\Desktop\ACM\sfmlSolving\sfmlSolving\main.cpp(3933,79): warning C4244:             T=int
C:\Users\adham\onedrive\Desktop\ACM\sfmlSolving\sfmlSolving\main.cpp(3933,79): warning C4244:         ]
C:\Users\adham\onedrive\Desktop\ACM\sfmlSolving\sfmlSolving\main.cpp(3933,45): warning C4244: 'argument': conversion from 'float' to 'T', possible loss of data
C:\Users\adham\onedrive\Desktop\ACM\sfmlSolving\sfmlSolving\main.cpp(3933,45): warning C4244:         with
C:\Users\adham\onedrive\Desktop\ACM\sfmlSolving\sfmlSolving\main.cpp(3933,45): warning C4244:         [
C:\Users\adham\onedrive\Desktop\ACM\sfmlSolving\sfmlSolving\main.cpp(3933,45): warning C4244:             T=int
C:\Users\adham\onedrive\Desktop\ACM\sfmlSolving\sfmlSolving\main.cpp(3933,45): warning C4244:         ]
C:\Users\adham\onedrive\Desktop\ACM\sfmlSolving\sfmlSolving\main.cpp(3959,42): warning C4244: 'argument': conversion from 'double' to 'float', possible loss of data
C:\Users\adham\onedrive\Desktop\ACM\sfmlSolving\sfmlSolving\main.cpp(3959,27): warning C4244: 'argument': conversion from 'double' to 'float', possible loss of data
C:\Users\adham\onedrive\Desktop\ACM\sfmlSolving\sfmlSolving\main.cpp(3962,42): warning C4244: 'argument': conversion from 'double' to 'float', possible loss of data
C:\Users\adham\onedrive\Desktop\ACM\sfmlSolving\sfmlSolving\main.cpp(3962,27): warning C4244: 'argument': conversion from 'double' to 'float', possible loss of data
C:\Users\adham\onedrive\Desktop\ACM\sfmlSolving\sfmlSolving\main.cpp(3986,31): warning C4244: '=': conversion from 'double' to 'float', possible loss of data
C:\Users\adham\onedrive\Desktop\ACM\sfmlSolving\sfmlSolving\main.cpp(4005,50): warning C4244: '=': conversion from 'double' to 'float', possible loss of data
C:\Users\adham\onedrive\Desktop\ACM\sfmlSolving\sfmlSolving\main.cpp(4063,25): warning C4806: '==': unsafe operation: no value of type 'bool' promoted to type 'int' can equal the given constant
C:\Users\adham\onedrive\Desktop\ACM\sfmlSolving\sfmlSolving\main.cpp(4063,47): warning C4806: '==': unsafe operation: no value of type 'bool' promoted to type 'int' can equal the given constant
C:\Users\adham\onedrive\Desktop\ACM\sfmlSolving\sfmlSolving\main.cpp(4086,25): warning C4806: '==': unsafe operation: no value of type 'bool' promoted to type 'int' can equal the given constant
C:\Users\adham\onedrive\Desktop\ACM\sfmlSolving\sfmlSolving\main.cpp(4086,47): warning C4806: '==': unsafe operation: no value of type 'bool' promoted to type 'int' can equal the given constant
C:\Users\adham\onedrive\Desktop\ACM\sfmlSolving\sfmlSolving\main.cpp(4097,65): warning C4244: 'argument': conversion from 'double' to 'float', possible loss of data
C:\Users\adham\onedrive\Desktop\ACM\sfmlSolving\sfmlSolving\main.cpp(4185,17): warning C4244: 'initializing': conversion from 'double' to 'float', possible loss of data
C:\Users\adham\onedrive\Desktop\ACM\sfmlSolving\sfmlSolving\main.cpp(4362,31): warning C4244: '=': conversion from 'double' to 'float', possible loss of data
C:\Users\adham\onedrive\Desktop\ACM\sfmlSolving\sfmlSolving\main.cpp(4369,31): warning C4244: '=': conversion from 'double' to 'float', possible loss of data
C:\Users\adham\onedrive\Desktop\ACM\sfmlSolving\sfmlSolving\main.cpp(4468,118): warning C4566: character represented by universal-character-name '\u221E' cannot be represented in the current code page (1252)
C:\Users\adham\onedrive\Desktop\ACM\sfmlSolving\sfmlSolving\main.cpp(4613,127): warning C4566: character represented by universal-character-name '\u221E' cannot be represented in the current code page (1252)
C:\Users\adham\onedrive\Desktop\ACM\sfmlSolving\sfmlSolving\main.cpp(4615,128): warning C4566: character represented by universal-character-name '\u221E' cannot be represented in the current code page (1252)
C:\Users\adham\onedrive\Desktop\ACM\sfmlSolving\sfmlSolving\main.cpp(4867,35): warning C4244: 'initializing': conversion from 'double' to 'float', possible loss of data
C:\Users\adham\onedrive\Desktop\ACM\sfmlSolving\sfmlSolving\main.cpp(4934,31): warning C4244: '=': conversion from 'double' to 'float', possible loss of data
C:\Users\adham\onedrive\Desktop\ACM\sfmlSolving\sfmlSolving\main.cpp(4956,31): warning C4244: '=': conversion from 'double' to 'float', possible loss of data
C:\Users\adham\onedrive\Desktop\ACM\sfmlSolving\sfmlSolving\main.cpp(4965,51): warning C4244: 'argument': conversion from 'float' to 'T', possible loss of data
C:\Users\adham\onedrive\Desktop\ACM\sfmlSolving\sfmlSolving\main.cpp(4965,51): warning C4244:         with
C:\Users\adham\onedrive\Desktop\ACM\sfmlSolving\sfmlSolving\main.cpp(4965,51): warning C4244:         [
C:\Users\adham\onedrive\Desktop\ACM\sfmlSolving\sfmlSolving\main.cpp(4965,51): warning C4244:             T=int
C:\Users\adham\onedrive\Desktop\ACM\sfmlSolving\sfmlSolving\main.cpp(4965,51): warning C4244:         ]
C:\Users\adham\onedrive\Desktop\ACM\sfmlSolving\sfmlSolving\main.cpp(4965,38): warning C4244: 'argument': conversion from 'float' to 'T', possible loss of data
C:\Users\adham\onedrive\Desktop\ACM\sfmlSolving\sfmlSolving\main.cpp(4965,38): warning C4244:         with
C:\Users\adham\onedrive\Desktop\ACM\sfmlSolving\sfmlSolving\main.cpp(4965,38): warning C4244:         [
C:\Users\adham\onedrive\Desktop\ACM\sfmlSolving\sfmlSolving\main.cpp(4965,38): warning C4244:             T=int
C:\Users\adham\onedrive\Desktop\ACM\sfmlSolving\sfmlSolving\main.cpp(4965,38): warning C4244:         ]
C:\Users\adham\onedrive\Desktop\ACM\sfmlSolving\sfmlSolving\main.cpp(4980,103): warning C4244: 'argument': conversion from 'float' to 'T', possible loss of data
C:\Users\adham\onedrive\Desktop\ACM\sfmlSolving\sfmlSolving\main.cpp(4980,103): warning C4244:         with
C:\Users\adham\onedrive\Desktop\ACM\sfmlSolving\sfmlSolving\main.cpp(4980,103): warning C4244:         [
C:\Users\adham\onedrive\Desktop\ACM\sfmlSolving\sfmlSolving\main.cpp(4980,103): warning C4244:             T=int
C:\Users\adham\onedrive\Desktop\ACM\sfmlSolving\sfmlSolving\main.cpp(4980,103): warning C4244:         ]
C:\Users\adham\onedrive\Desktop\ACM\sfmlSolving\sfmlSolving\main.cpp(4980,90): warning C4244: 'argument': conversion from 'float' to 'T', possible loss of data
C:\Users\adham\onedrive\Desktop\ACM\sfmlSolving\sfmlSolving\main.cpp(4980,90): warning C4244:         with
C:\Users\adham\onedrive\Desktop\ACM\sfmlSolving\sfmlSolving\main.cpp(4980,90): warning C4244:         [
C:\Users\adham\onedrive\Desktop\ACM\sfmlSolving\sfmlSolving\main.cpp(4980,90): warning C4244:             T=int
C:\Users\adham\onedrive\Desktop\ACM\sfmlSolving\sfmlSolving\main.cpp(4980,90): warning C4244:         ]
C:\Users\adham\onedrive\Desktop\ACM\sfmlSolving\sfmlSolving\main.cpp(4980,74): warning C4244: 'argument': conversion from 'float' to 'T', possible loss of data
C:\Users\adham\onedrive\Desktop\ACM\sfmlSolving\sfmlSolving\main.cpp(4980,74): warning C4244:         with
C:\Users\adham\onedrive\Desktop\ACM\sfmlSolving\sfmlSolving\main.cpp(4980,74): warning C4244:         [
C:\Users\adham\onedrive\Desktop\ACM\sfmlSolving\sfmlSolving\main.cpp(4980,74): warning C4244:             T=int
C:\Users\adham\onedrive\Desktop\ACM\sfmlSolving\sfmlSolving\main.cpp(4980,74): warning C4244:         ]
C:\Users\adham\onedrive\Desktop\ACM\sfmlSolving\sfmlSolving\main.cpp(4980,46): warning C4244: 'argument': conversion from 'float' to 'T', possible loss of data
C:\Users\adham\onedrive\Desktop\ACM\sfmlSolving\sfmlSolving\main.cpp(4980,46): warning C4244:         with
C:\Users\adham\onedrive\Desktop\ACM\sfmlSolving\sfmlSolving\main.cpp(4980,46): warning C4244:         [
C:\Users\adham\onedrive\Desktop\ACM\sfmlSolving\sfmlSolving\main.cpp(4980,46): warning C4244:             T=int
C:\Users\adham\onedrive\Desktop\ACM\sfmlSolving\sfmlSolving\main.cpp(4980,46): warning C4244:         ]
C:\Users\adham\onedrive\Desktop\ACM\sfmlSolving\sfmlSolving\main.cpp(4985,101): warning C4244: 'argument': conversion from 'float' to 'T', possible loss of data
C:\Users\adham\onedrive\Desktop\ACM\sfmlSolving\sfmlSolving\main.cpp(4985,101): warning C4244:         with
C:\Users\adham\onedrive\Desktop\ACM\sfmlSolving\sfmlSolving\main.cpp(4985,101): warning C4244:         [
C:\Users\adham\onedrive\Desktop\ACM\sfmlSolving\sfmlSolving\main.cpp(4985,101): warning C4244:             T=int
C:\Users\adham\onedrive\Desktop\ACM\sfmlSolving\sfmlSolving\main.cpp(4985,101): warning C4244:         ]
C:\Users\adham\onedrive\Desktop\ACM\sfmlSolving\sfmlSolving\main.cpp(4985,88): warning C4244: 'argument': conversion from 'float' to 'T', possible loss of data
C:\Users\adham\onedrive\Desktop\ACM\sfmlSolving\sfmlSolving\main.cpp(4985,88): warning C4244:         with
C:\Users\adham\onedrive\Desktop\ACM\sfmlSolving\sfmlSolving\main.cpp(4985,88): warning C4244:         [
C:\Users\adham\onedrive\Desktop\ACM\sfmlSolving\sfmlSolving\main.cpp(4985,88): warning C4244:             T=int
C:\Users\adham\onedrive\Desktop\ACM\sfmlSolving\sfmlSolving\main.cpp(4985,88): warning C4244:         ]
C:\Users\adham\onedrive\Desktop\ACM\sfmlSolving\sfmlSolving\main.cpp(4985,72): warning C4244: 'argument': conversion from 'float' to 'T', possible loss of data
C:\Users\adham\onedrive\Desktop\ACM\sfmlSolving\sfmlSolving\main.cpp(4985,72): warning C4244:         with
C:\Users\adham\onedrive\Desktop\ACM\sfmlSolving\sfmlSolving\main.cpp(4985,72): warning C4244:         [
C:\Users\adham\onedrive\Desktop\ACM\sfmlSolving\sfmlSolving\main.cpp(4985,72): warning C4244:             T=int
C:\Users\adham\onedrive\Desktop\ACM\sfmlSolving\sfmlSolving\main.cpp(4985,72): warning C4244:         ]
C:\Users\adham\onedrive\Desktop\ACM\sfmlSolving\sfmlSolving\main.cpp(4985,44): warning C4244: 'argument': conversion from 'float' to 'T', possible loss of data
C:\Users\adham\onedrive\Desktop\ACM\sfmlSolving\sfmlSolving\main.cpp(4985,44): warning C4244:         with
C:\Users\adham\onedrive\Desktop\ACM\sfmlSolving\sfmlSolving\main.cpp(4985,44): warning C4244:         [
C:\Users\adham\onedrive\Desktop\ACM\sfmlSolving\sfmlSolving\main.cpp(4985,44): warning C4244:             T=int
C:\Users\adham\onedrive\Desktop\ACM\sfmlSolving\sfmlSolving\main.cpp(4985,44): warning C4244:         ]
C:\Users\adham\onedrive\Desktop\ACM\sfmlSolving\sfmlSolving\main.cpp(4990,103): warning C4244: 'argument': conversion from 'float' to 'T', possible loss of data
C:\Users\adham\onedrive\Desktop\ACM\sfmlSolving\sfmlSolving\main.cpp(4990,103): warning C4244:         with
C:\Users\adham\onedrive\Desktop\ACM\sfmlSolving\sfmlSolving\main.cpp(4990,103): warning C4244:         [
C:\Users\adham\onedrive\Desktop\ACM\sfmlSolving\sfmlSolving\main.cpp(4990,103): warning C4244:             T=int
C:\Users\adham\onedrive\Desktop\ACM\sfmlSolving\sfmlSolving\main.cpp(4990,103): warning C4244:         ]
C:\Users\adham\onedrive\Desktop\ACM\sfmlSolving\sfmlSolving\main.cpp(4990,90): warning C4244: 'argument': conversion from 'float' to 'T', possible loss of data
C:\Users\adham\onedrive\Desktop\ACM\sfmlSolving\sfmlSolving\main.cpp(4990,90): warning C4244:         with
C:\Users\adham\onedrive\Desktop\ACM\sfmlSolving\sfmlSolving\main.cpp(4990,90): warning C4244:         [
C:\Users\adham\onedrive\Desktop\ACM\sfmlSolving\sfmlSolving\main.cpp(4990,90): warning C4244:             T=int
C:\Users\adham\onedrive\Desktop\ACM\sfmlSolving\sfmlSolving\main.cpp(4990,90): warning C4244:         ]
C:\Users\adham\onedrive\Desktop\ACM\sfmlSolving\sfmlSolving\main.cpp(4990,74): warning C4244: 'argument': conversion from 'float' to 'T', possible loss of data
C:\Users\adham\onedrive\Desktop\ACM\sfmlSolving\sfmlSolving\main.cpp(4990,74): warning C4244:         with
C:\Users\adham\onedrive\Desktop\ACM\sfmlSolving\sfmlSolving\main.cpp(4990,74): warning C4244:         [
C:\Users\adham\onedrive\Desktop\ACM\sfmlSolving\sfmlSolving\main.cpp(4990,74): warning C4244:             T=int
C:\Users\adham\onedrive\Desktop\ACM\sfmlSolving\sfmlSolving\main.cpp(4990,74): warning C4244:         ]
C:\Users\adham\onedrive\Desktop\ACM\sfmlSolving\sfmlSolving\main.cpp(4990,46): warning C4244: 'argument': conversion from 'float' to 'T', possible loss of data
C:\Users\adham\onedrive\Desktop\ACM\sfmlSolving\sfmlSolving\main.cpp(4990,46): warning C4244:         with
C:\Users\adham\onedrive\Desktop\ACM\sfmlSolving\sfmlSolving\main.cpp(4990,46): warning C4244:         [
C:\Users\adham\onedrive\Desktop\ACM\sfmlSolving\sfmlSolving\main.cpp(4990,46): warning C4244:             T=int
C:\Users\adham\onedrive\Desktop\ACM\sfmlSolving\sfmlSolving\main.cpp(4990,46): warning C4244:         ]
C:\Users\adham\onedrive\Desktop\ACM\sfmlSolving\sfmlSolving\main.cpp(4995,103): warning C4244: 'argument': conversion from 'float' to 'T', possible loss of data
C:\Users\adham\onedrive\Desktop\ACM\sfmlSolving\sfmlSolving\main.cpp(4995,103): warning C4244:         with
C:\Users\adham\onedrive\Desktop\ACM\sfmlSolving\sfmlSolving\main.cpp(4995,103): warning C4244:         [
C:\Users\adham\onedrive\Desktop\ACM\sfmlSolving\sfmlSolving\main.cpp(4995,103): warning C4244:             T=int
C:\Users\adham\onedrive\Desktop\ACM\sfmlSolving\sfmlSolving\main.cpp(4995,103): warning C4244:         ]
C:\Users\adham\onedrive\Desktop\ACM\sfmlSolving\sfmlSolving\main.cpp(4995,90): warning C4244: 'argument': conversion from 'float' to 'T', possible loss of data
C:\Users\adham\onedrive\Desktop\ACM\sfmlSolving\sfmlSolving\main.cpp(4995,90): warning C4244:         with
C:\Users\adham\onedrive\Desktop\ACM\sfmlSolving\sfmlSolving\main.cpp(4995,90): warning C4244:         [
C:\Users\adham\onedrive\Desktop\ACM\sfmlSolving\sfmlSolving\main.cpp(4995,90): warning C4244:             T=int
C:\Users\adham\onedrive\Desktop\ACM\sfmlSolving\sfmlSolving\main.cpp(4995,90): warning C4244:         ]
C:\Users\adham\onedrive\Desktop\ACM\sfmlSolving\sfmlSolving\main.cpp(4995,74): warning C4244: 'argument': conversion from 'float' to 'T', possible loss of data
C:\Users\adham\onedrive\Desktop\ACM\sfmlSolving\sfmlSolving\main.cpp(4995,74): warning C4244:         with
C:\Users\adham\onedrive\Desktop\ACM\sfmlSolving\sfmlSolving\main.cpp(4995,74): warning C4244:         [
C:\Users\adham\onedrive\Desktop\ACM\sfmlSolving\sfmlSolving\main.cpp(4995,74): warning C4244:             T=int
C:\Users\adham\onedrive\Desktop\ACM\sfmlSolving\sfmlSolving\main.cpp(4995,74): warning C4244:         ]
C:\Users\adham\onedrive\Desktop\ACM\sfmlSolving\sfmlSolving\main.cpp(4995,46): warning C4244: 'argument': conversion from 'float' to 'T', possible loss of data
C:\Users\adham\onedrive\Desktop\ACM\sfmlSolving\sfmlSolving\main.cpp(4995,46): warning C4244:         with
C:\Users\adham\onedrive\Desktop\ACM\sfmlSolving\sfmlSolving\main.cpp(4995,46): warning C4244:         [
C:\Users\adham\onedrive\Desktop\ACM\sfmlSolving\sfmlSolving\main.cpp(4995,46): warning C4244:             T=int
C:\Users\adham\onedrive\Desktop\ACM\sfmlSolving\sfmlSolving\main.cpp(4995,46): warning C4244:         ]
C:\Users\adham\onedrive\Desktop\ACM\sfmlSolving\sfmlSolving\main.cpp(5013,103): warning C4244: 'argument': conversion from 'float' to 'T', possible loss of data
C:\Users\adham\onedrive\Desktop\ACM\sfmlSolving\sfmlSolving\main.cpp(5013,103): warning C4244:         with
C:\Users\adham\onedrive\Desktop\ACM\sfmlSolving\sfmlSolving\main.cpp(5013,103): warning C4244:         [
C:\Users\adham\onedrive\Desktop\ACM\sfmlSolving\sfmlSolving\main.cpp(5013,103): warning C4244:             T=int
C:\Users\adham\onedrive\Desktop\ACM\sfmlSolving\sfmlSolving\main.cpp(5013,103): warning C4244:         ]
C:\Users\adham\onedrive\Desktop\ACM\sfmlSolving\sfmlSolving\main.cpp(5013,90): warning C4244: 'argument': conversion from 'float' to 'T', possible loss of data
C:\Users\adham\onedrive\Desktop\ACM\sfmlSolving\sfmlSolving\main.cpp(5013,90): warning C4244:         with
C:\Users\adham\onedrive\Desktop\ACM\sfmlSolving\sfmlSolving\main.cpp(5013,90): warning C4244:         [
C:\Users\adham\onedrive\Desktop\ACM\sfmlSolving\sfmlSolving\main.cpp(5013,90): warning C4244:             T=int
C:\Users\adham\onedrive\Desktop\ACM\sfmlSolving\sfmlSolving\main.cpp(5013,90): warning C4244:         ]
C:\Users\adham\onedrive\Desktop\ACM\sfmlSolving\sfmlSolving\main.cpp(5013,74): warning C4244: 'argument': conversion from 'float' to 'T', possible loss of data
C:\Users\adham\onedrive\Desktop\ACM\sfmlSolving\sfmlSolving\main.cpp(5013,74): warning C4244:         with
C:\Users\adham\onedrive\Desktop\ACM\sfmlSolving\sfmlSolving\main.cpp(5013,74): warning C4244:         [
C:\Users\adham\onedrive\Desktop\ACM\sfmlSolving\sfmlSolving\main.cpp(5013,74): warning C4244:             T=int
C:\Users\adham\onedrive\Desktop\ACM\sfmlSolving\sfmlSolving\main.cpp(5013,74): warning C4244:         ]
C:\Users\adham\onedrive\Desktop\ACM\sfmlSolving\sfmlSolving\main.cpp(5013,46): warning C4244: 'argument': conversion from 'float' to 'T', possible loss of data
C:\Users\adham\onedrive\Desktop\ACM\sfmlSolving\sfmlSolving\main.cpp(5013,46): warning C4244:         with
C:\Users\adham\onedrive\Desktop\ACM\sfmlSolving\sfmlSolving\main.cpp(5013,46): warning C4244:         [
C:\Users\adham\onedrive\Desktop\ACM\sfmlSolving\sfmlSolving\main.cpp(5013,46): warning C4244:             T=int
C:\Users\adham\onedrive\Desktop\ACM\sfmlSolving\sfmlSolving\main.cpp(5013,46): warning C4244:         ]
C:\Users\adham\onedrive\Desktop\ACM\sfmlSolving\sfmlSolving\main.cpp(5025,101): warning C4244: 'argument': conversion from 'float' to 'T', possible loss of data
C:\Users\adham\onedrive\Desktop\ACM\sfmlSolving\sfmlSolving\main.cpp(5025,101): warning C4244:         with
C:\Users\adham\onedrive\Desktop\ACM\sfmlSolving\sfmlSolving\main.cpp(5025,101): warning C4244:         [
C:\Users\adham\onedrive\Desktop\ACM\sfmlSolving\sfmlSolving\main.cpp(5025,101): warning C4244:             T=int
C:\Users\adham\onedrive\Desktop\ACM\sfmlSolving\sfmlSolving\main.cpp(5025,101): warning C4244:         ]
C:\Users\adham\onedrive\Desktop\ACM\sfmlSolving\sfmlSolving\main.cpp(5025,88): warning C4244: 'argument': conversion from 'float' to 'T', possible loss of data
C:\Users\adham\onedrive\Desktop\ACM\sfmlSolving\sfmlSolving\main.cpp(5025,88): warning C4244:         with
C:\Users\adham\onedrive\Desktop\ACM\sfmlSolving\sfmlSolving\main.cpp(5025,88): warning C4244:         [
C:\Users\adham\onedrive\Desktop\ACM\sfmlSolving\sfmlSolving\main.cpp(5025,88): warning C4244:             T=int
C:\Users\adham\onedrive\Desktop\ACM\sfmlSolving\sfmlSolving\main.cpp(5025,88): warning C4244:         ]
C:\Users\adham\onedrive\Desktop\ACM\sfmlSolving\sfmlSolving\main.cpp(5025,72): warning C4244: 'argument': conversion from 'float' to 'T', possible loss of data
C:\Users\adham\onedrive\Desktop\ACM\sfmlSolving\sfmlSolving\main.cpp(5025,72): warning C4244:         with
C:\Users\adham\onedrive\Desktop\ACM\sfmlSolving\sfmlSolving\main.cpp(5025,72): warning C4244:         [
C:\Users\adham\onedrive\Desktop\ACM\sfmlSolving\sfmlSolving\main.cpp(5025,72): warning C4244:             T=int
C:\Users\adham\onedrive\Desktop\ACM\sfmlSolving\sfmlSolving\main.cpp(5025,72): warning C4244:         ]
C:\Users\adham\onedrive\Desktop\ACM\sfmlSolving\sfmlSolving\main.cpp(5025,44): warning C4244: 'argument': conversion from 'float' to 'T', possible loss of data
C:\Users\adham\onedrive\Desktop\ACM\sfmlSolving\sfmlSolving\main.cpp(5025,44): warning C4244:         with
C:\Users\adham\onedrive\Desktop\ACM\sfmlSolving\sfmlSolving\main.cpp(5025,44): warning C4244:         [
C:\Users\adham\onedrive\Desktop\ACM\sfmlSolving\sfmlSolving\main.cpp(5025,44): warning C4244:             T=int
C:\Users\adham\onedrive\Desktop\ACM\sfmlSolving\sfmlSolving\main.cpp(5025,44): warning C4244:         ]
C:\Users\adham\onedrive\Desktop\ACM\sfmlSolving\sfmlSolving\main.cpp(5030,103): warning C4244: 'argument': conversion from 'float' to 'T', possible loss of data
C:\Users\adham\onedrive\Desktop\ACM\sfmlSolving\sfmlSolving\main.cpp(5030,103): warning C4244:         with
C:\Users\adham\onedrive\Desktop\ACM\sfmlSolving\sfmlSolving\main.cpp(5030,103): warning C4244:         [
C:\Users\adham\onedrive\Desktop\ACM\sfmlSolving\sfmlSolving\main.cpp(5030,103): warning C4244:             T=int
C:\Users\adham\onedrive\Desktop\ACM\sfmlSolving\sfmlSolving\main.cpp(5030,103): warning C4244:         ]
C:\Users\adham\onedrive\Desktop\ACM\sfmlSolving\sfmlSolving\main.cpp(5030,90): warning C4244: 'argument': conversion from 'float' to 'T', possible loss of data
C:\Users\adham\onedrive\Desktop\ACM\sfmlSolving\sfmlSolving\main.cpp(5030,90): warning C4244:         with
C:\Users\adham\onedrive\Desktop\ACM\sfmlSolving\sfmlSolving\main.cpp(5030,90): warning C4244:         [
C:\Users\adham\onedrive\Desktop\ACM\sfmlSolving\sfmlSolving\main.cpp(5030,90): warning C4244:             T=int
C:\Users\adham\onedrive\Desktop\ACM\sfmlSolving\sfmlSolving\main.cpp(5030,90): warning C4244:         ]
C:\Users\adham\onedrive\Desktop\ACM\sfmlSolving\sfmlSolving\main.cpp(5030,74): warning C4244: 'argument': conversion from 'float' to 'T', possible loss of data
C:\Users\adham\onedrive\Desktop\ACM\sfmlSolving\sfmlSolving\main.cpp(5030,74): warning C4244:         with
C:\Users\adham\onedrive\Desktop\ACM\sfmlSolving\sfmlSolving\main.cpp(5030,74): warning C4244:         [
C:\Users\adham\onedrive\Desktop\ACM\sfmlSolving\sfmlSolving\main.cpp(5030,74): warning C4244:             T=int
C:\Users\adham\onedrive\Desktop\ACM\sfmlSolving\sfmlSolving\main.cpp(5030,74): warning C4244:         ]
C:\Users\adham\onedrive\Desktop\ACM\sfmlSolving\sfmlSolving\main.cpp(5030,46): warning C4244: 'argument': conversion from 'float' to 'T', possible loss of data
C:\Users\adham\onedrive\Desktop\ACM\sfmlSolving\sfmlSolving\main.cpp(5030,46): warning C4244:         with
C:\Users\adham\onedrive\Desktop\ACM\sfmlSolving\sfmlSolving\main.cpp(5030,46): warning C4244:         [
C:\Users\adham\onedrive\Desktop\ACM\sfmlSolving\sfmlSolving\main.cpp(5030,46): warning C4244:             T=int
C:\Users\adham\onedrive\Desktop\ACM\sfmlSolving\sfmlSolving\main.cpp(5030,46): warning C4244:         ]
C:\Users\adham\onedrive\Desktop\ACM\sfmlSolving\sfmlSolving\main.cpp(5035,103): warning C4244: 'argument': conversion from 'float' to 'T', possible loss of data
C:\Users\adham\onedrive\Desktop\ACM\sfmlSolving\sfmlSolving\main.cpp(5035,103): warning C4244:         with
C:\Users\adham\onedrive\Desktop\ACM\sfmlSolving\sfmlSolving\main.cpp(5035,103): warning C4244:         [
C:\Users\adham\onedrive\Desktop\ACM\sfmlSolving\sfmlSolving\main.cpp(5035,103): warning C4244:             T=int
C:\Users\adham\onedrive\Desktop\ACM\sfmlSolving\sfmlSolving\main.cpp(5035,103): warning C4244:         ]
C:\Users\adham\onedrive\Desktop\ACM\sfmlSolving\sfmlSolving\main.cpp(5035,90): warning C4244: 'argument': conversion from 'float' to 'T', possible loss of data
C:\Users\adham\onedrive\Desktop\ACM\sfmlSolving\sfmlSolving\main.cpp(5035,90): warning C4244:         with
C:\Users\adham\onedrive\Desktop\ACM\sfmlSolving\sfmlSolving\main.cpp(5035,90): warning C4244:         [
C:\Users\adham\onedrive\Desktop\ACM\sfmlSolving\sfmlSolving\main.cpp(5035,90): warning C4244:             T=int
C:\Users\adham\onedrive\Desktop\ACM\sfmlSolving\sfmlSolving\main.cpp(5035,90): warning C4244:         ]
C:\Users\adham\onedrive\Desktop\ACM\sfmlSolving\sfmlSolving\main.cpp(5035,74): warning C4244: 'argument': conversion from 'float' to 'T', possible loss of data
C:\Users\adham\onedrive\Desktop\ACM\sfmlSolving\sfmlSolving\main.cpp(5035,74): warning C4244:         with
C:\Users\adham\onedrive\Desktop\ACM\sfmlSolving\sfmlSolving\main.cpp(5035,74): warning C4244:         [
C:\Users\adham\onedrive\Desktop\ACM\sfmlSolving\sfmlSolving\main.cpp(5035,74): warning C4244:             T=int
C:\Users\adham\onedrive\Desktop\ACM\sfmlSolving\sfmlSolving\main.cpp(5035,74): warning C4244:         ]
C:\Users\adham\onedrive\Desktop\ACM\sfmlSolving\sfmlSolving\main.cpp(5035,46): warning C4244: 'argument': conversion from 'float' to 'T', possible loss of data
C:\Users\adham\onedrive\Desktop\ACM\sfmlSolving\sfmlSolving\main.cpp(5035,46): warning C4244:         with
C:\Users\adham\onedrive\Desktop\ACM\sfmlSolving\sfmlSolving\main.cpp(5035,46): warning C4244:         [
C:\Users\adham\onedrive\Desktop\ACM\sfmlSolving\sfmlSolving\main.cpp(5035,46): warning C4244:             T=int
C:\Users\adham\onedrive\Desktop\ACM\sfmlSolving\sfmlSolving\main.cpp(5035,46): warning C4244:         ]
C:\Users\adham\onedrive\Desktop\ACM\sfmlSolving\sfmlSolving\main.cpp(5047,103): warning C4244: 'argument': conversion from 'float' to 'T', possible loss of data
C:\Users\adham\onedrive\Desktop\ACM\sfmlSolving\sfmlSolving\main.cpp(5047,103): warning C4244:         with
C:\Users\adham\onedrive\Desktop\ACM\sfmlSolving\sfmlSolving\main.cpp(5047,103): warning C4244:         [
C:\Users\adham\onedrive\Desktop\ACM\sfmlSolving\sfmlSolving\main.cpp(5047,103): warning C4244:             T=int
C:\Users\adham\onedrive\Desktop\ACM\sfmlSolving\sfmlSolving\main.cpp(5047,103): warning C4244:         ]
C:\Users\adham\onedrive\Desktop\ACM\sfmlSolving\sfmlSolving\main.cpp(5047,90): warning C4244: 'argument': conversion from 'float' to 'T', possible loss of data
C:\Users\adham\onedrive\Desktop\ACM\sfmlSolving\sfmlSolving\main.cpp(5047,90): warning C4244:         with
C:\Users\adham\onedrive\Desktop\ACM\sfmlSolving\sfmlSolving\main.cpp(5047,90): warning C4244:         [
C:\Users\adham\onedrive\Desktop\ACM\sfmlSolving\sfmlSolving\main.cpp(5047,90): warning C4244:             T=int
C:\Users\adham\onedrive\Desktop\ACM\sfmlSolving\sfmlSolving\main.cpp(5047,90): warning C4244:         ]
C:\Users\adham\onedrive\Desktop\ACM\sfmlSolving\sfmlSolving\main.cpp(5047,74): warning C4244: 'argument': conversion from 'float' to 'T', possible loss of data
C:\Users\adham\onedrive\Desktop\ACM\sfmlSolving\sfmlSolving\main.cpp(5047,74): warning C4244:         with
C:\Users\adham\onedrive\Desktop\ACM\sfmlSolving\sfmlSolving\main.cpp(5047,74): warning C4244:         [
C:\Users\adham\onedrive\Desktop\ACM\sfmlSolving\sfmlSolving\main.cpp(5047,74): warning C4244:             T=int
C:\Users\adham\onedrive\Desktop\ACM\sfmlSolving\sfmlSolving\main.cpp(5047,74): warning C4244:         ]
C:\Users\adham\onedrive\Desktop\ACM\sfmlSolving\sfmlSolving\main.cpp(5047,46): warning C4244: 'argument': conversion from 'float' to 'T', possible loss of data
C:\Users\adham\onedrive\Desktop\ACM\sfmlSolving\sfmlSolving\main.cpp(5047,46): warning C4244:         with
C:\Users\adham\onedrive\Desktop\ACM\sfmlSolving\sfmlSolving\main.cpp(5047,46): warning C4244:         [
C:\Users\adham\onedrive\Desktop\ACM\sfmlSolving\sfmlSolving\main.cpp(5047,46): warning C4244:             T=int
C:\Users\adham\onedrive\Desktop\ACM\sfmlSolving\sfmlSolving\main.cpp(5047,46): warning C4244:         ]
C:\Users\adham\onedrive\Desktop\ACM\sfmlSolving\sfmlSolving\main.cpp(5064,101): warning C4244: 'argument': conversion from 'float' to 'T', possible loss of data
C:\Users\adham\onedrive\Desktop\ACM\sfmlSolving\sfmlSolving\main.cpp(5064,101): warning C4244:         with
C:\Users\adham\onedrive\Desktop\ACM\sfmlSolving\sfmlSolving\main.cpp(5064,101): warning C4244:         [
C:\Users\adham\onedrive\Desktop\ACM\sfmlSolving\sfmlSolving\main.cpp(5064,101): warning C4244:             T=int
C:\Users\adham\onedrive\Desktop\ACM\sfmlSolving\sfmlSolving\main.cpp(5064,101): warning C4244:         ]
C:\Users\adham\onedrive\Desktop\ACM\sfmlSolving\sfmlSolving\main.cpp(5064,88): warning C4244: 'argument': conversion from 'float' to 'T', possible loss of data
C:\Users\adham\onedrive\Desktop\ACM\sfmlSolving\sfmlSolving\main.cpp(5064,88): warning C4244:         with
C:\Users\adham\onedrive\Desktop\ACM\sfmlSolving\sfmlSolving\main.cpp(5064,88): warning C4244:         [
C:\Users\adham\onedrive\Desktop\ACM\sfmlSolving\sfmlSolving\main.cpp(5064,88): warning C4244:             T=int
C:\Users\adham\onedrive\Desktop\ACM\sfmlSolving\sfmlSolving\main.cpp(5064,88): warning C4244:         ]
C:\Users\adham\onedrive\Desktop\ACM\sfmlSolving\sfmlSolving\main.cpp(5064,72): warning C4244: 'argument': conversion from 'float' to 'T', possible loss of data
C:\Users\adham\onedrive\Desktop\ACM\sfmlSolving\sfmlSolving\main.cpp(5064,72): warning C4244:         with
C:\Users\adham\onedrive\Desktop\ACM\sfmlSolving\sfmlSolving\main.cpp(5064,72): warning C4244:         [
C:\Users\adham\onedrive\Desktop\ACM\sfmlSolving\sfmlSolving\main.cpp(5064,72): warning C4244:             T=int
C:\Users\adham\onedrive\Desktop\ACM\sfmlSolving\sfmlSolving\main.cpp(5064,72): warning C4244:         ]
C:\Users\adham\onedrive\Desktop\ACM\sfmlSolving\sfmlSolving\main.cpp(5064,44): warning C4244: 'argument': conversion from 'float' to 'T', possible loss of data
C:\Users\adham\onedrive\Desktop\ACM\sfmlSolving\sfmlSolving\main.cpp(5064,44): warning C4244:         with
C:\Users\adham\onedrive\Desktop\ACM\sfmlSolving\sfmlSolving\main.cpp(5064,44): warning C4244:         [
C:\Users\adham\onedrive\Desktop\ACM\sfmlSolving\sfmlSolving\main.cpp(5064,44): warning C4244:             T=int
C:\Users\adham\onedrive\Desktop\ACM\sfmlSolving\sfmlSolving\main.cpp(5064,44): warning C4244:         ]
C:\Users\adham\onedrive\Desktop\ACM\sfmlSolving\sfmlSolving\main.cpp(5068,103): warning C4244: 'argument': conversion from 'float' to 'T', possible loss of data
C:\Users\adham\onedrive\Desktop\ACM\sfmlSolving\sfmlSolving\main.cpp(5068,103): warning C4244:         with
C:\Users\adham\onedrive\Desktop\ACM\sfmlSolving\sfmlSolving\main.cpp(5068,103): warning C4244:         [
C:\Users\adham\onedrive\Desktop\ACM\sfmlSolving\sfmlSolving\main.cpp(5068,103): warning C4244:             T=int
C:\Users\adham\onedrive\Desktop\ACM\sfmlSolving\sfmlSolving\main.cpp(5068,103): warning C4244:         ]
C:\Users\adham\onedrive\Desktop\ACM\sfmlSolving\sfmlSolving\main.cpp(5068,90): warning C4244: 'argument': conversion from 'float' to 'T', possible loss of data
C:\Users\adham\onedrive\Desktop\ACM\sfmlSolving\sfmlSolving\main.cpp(5068,90): warning C4244:         with
C:\Users\adham\onedrive\Desktop\ACM\sfmlSolving\sfmlSolving\main.cpp(5068,90): warning C4244:         [
C:\Users\adham\onedrive\Desktop\ACM\sfmlSolving\sfmlSolving\main.cpp(5068,90): warning C4244:             T=int
C:\Users\adham\onedrive\Desktop\ACM\sfmlSolving\sfmlSolving\main.cpp(5068,90): warning C4244:         ]
C:\Users\adham\onedrive\Desktop\ACM\sfmlSolving\sfmlSolving\main.cpp(5068,74): warning C4244: 'argument': conversion from 'float' to 'T', possible loss of data
C:\Users\adham\onedrive\Desktop\ACM\sfmlSolving\sfmlSolving\main.cpp(5068,74): warning C4244:         with
C:\Users\adham\onedrive\Desktop\ACM\sfmlSolving\sfmlSolving\main.cpp(5068,74): warning C4244:         [
C:\Users\adham\onedrive\Desktop\ACM\sfmlSolving\sfmlSolving\main.cpp(5068,74): warning C4244:             T=int
C:\Users\adham\onedrive\Desktop\ACM\sfmlSolving\sfmlSolving\main.cpp(5068,74): warning C4244:         ]
C:\Users\adham\onedrive\Desktop\ACM\sfmlSolving\sfmlSolving\main.cpp(5068,46): warning C4244: 'argument': conversion from 'float' to 'T', possible loss of data
C:\Users\adham\onedrive\Desktop\ACM\sfmlSolving\sfmlSolving\main.cpp(5068,46): warning C4244:         with
C:\Users\adham\onedrive\Desktop\ACM\sfmlSolving\sfmlSolving\main.cpp(5068,46): warning C4244:         [
C:\Users\adham\onedrive\Desktop\ACM\sfmlSolving\sfmlSolving\main.cpp(5068,46): warning C4244:             T=int
C:\Users\adham\onedrive\Desktop\ACM\sfmlSolving\sfmlSolving\main.cpp(5068,46): warning C4244:         ]
C:\Users\adham\onedrive\Desktop\ACM\sfmlSolving\sfmlSolving\main.cpp(5073,103): warning C4244: 'argument': conversion from 'float' to 'T', possible loss of data
C:\Users\adham\onedrive\Desktop\ACM\sfmlSolving\sfmlSolving\main.cpp(5073,103): warning C4244:         with
C:\Users\adham\onedrive\Desktop\ACM\sfmlSolving\sfmlSolving\main.cpp(5073,103): warning C4244:         [
C:\Users\adham\onedrive\Desktop\ACM\sfmlSolving\sfmlSolving\main.cpp(5073,103): warning C4244:             T=int
C:\Users\adham\onedrive\Desktop\ACM\sfmlSolving\sfmlSolving\main.cpp(5073,103): warning C4244:         ]
C:\Users\adham\onedrive\Desktop\ACM\sfmlSolving\sfmlSolving\main.cpp(5073,90): warning C4244: 'argument': conversion from 'float' to 'T', possible loss of data
C:\Users\adham\onedrive\Desktop\ACM\sfmlSolving\sfmlSolving\main.cpp(5073,90): warning C4244:         with
C:\Users\adham\onedrive\Desktop\ACM\sfmlSolving\sfmlSolving\main.cpp(5073,90): warning C4244:         [
C:\Users\adham\onedrive\Desktop\ACM\sfmlSolving\sfmlSolving\main.cpp(5073,90): warning C4244:             T=int
C:\Users\adham\onedrive\Desktop\ACM\sfmlSolving\sfmlSolving\main.cpp(5073,90): warning C4244:         ]
C:\Users\adham\onedrive\Desktop\ACM\sfmlSolving\sfmlSolving\main.cpp(5073,74): warning C4244: 'argument': conversion from 'float' to 'T', possible loss of data
C:\Users\adham\onedrive\Desktop\ACM\sfmlSolving\sfmlSolving\main.cpp(5073,74): warning C4244:         with
C:\Users\adham\onedrive\Desktop\ACM\sfmlSolving\sfmlSolving\main.cpp(5073,74): warning C4244:         [
C:\Users\adham\onedrive\Desktop\ACM\sfmlSolving\sfmlSolving\main.cpp(5073,74): warning C4244:             T=int
C:\Users\adham\onedrive\Desktop\ACM\sfmlSolving\sfmlSolving\main.cpp(5073,74): warning C4244:         ]
C:\Users\adham\onedrive\Desktop\ACM\sfmlSolving\sfmlSolving\main.cpp(5073,46): warning C4244: 'argument': conversion from 'float' to 'T', possible loss of data
C:\Users\adham\onedrive\Desktop\ACM\sfmlSolving\sfmlSolving\main.cpp(5073,46): warning C4244:         with
C:\Users\adham\onedrive\Desktop\ACM\sfmlSolving\sfmlSolving\main.cpp(5073,46): warning C4244:         [
C:\Users\adham\onedrive\Desktop\ACM\sfmlSolving\sfmlSolving\main.cpp(5073,46): warning C4244:             T=int
C:\Users\adham\onedrive\Desktop\ACM\sfmlSolving\sfmlSolving\main.cpp(5073,46): warning C4244:         ]
C:\Users\adham\onedrive\Desktop\ACM\sfmlSolving\sfmlSolving\main.cpp(5129,59): warning C4244: 'argument': conversion from 'double' to 'float', possible loss of data
C:\Users\adham\onedrive\Desktop\ACM\sfmlSolving\sfmlSolving\main.cpp(5156,19): warning C4244: 'initializing': conversion from 'double' to 'float', possible loss of data
C:\Users\adham\onedrive\Desktop\ACM\sfmlSolving\sfmlSolving\main.cpp(5174,20): warning C4244: 'initializing': conversion from 'double' to 'float', possible loss of data
C:\Users\adham\onedrive\Desktop\ACM\sfmlSolving\sfmlSolving\main.cpp(5211,15): warning C4244: 'initializing': conversion from 'double' to 'float', possible loss of data
C:\Users\adham\onedrive\Desktop\ACM\sfmlSolving\sfmlSolving\main.cpp(5264,42): warning C4244: 'argument': conversion from 'double' to 'float', possible loss of data
C:\Users\adham\onedrive\Desktop\ACM\sfmlSolving\sfmlSolving\main.cpp(5264,27): warning C4244: 'argument': conversion from 'double' to 'float', possible loss of data
C:\Users\adham\onedrive\Desktop\ACM\sfmlSolving\sfmlSolving\main.cpp(5275,19): warning C4244: 'initializing': conversion from 'double' to 'float', possible loss of data
C:\Users\adham\onedrive\Desktop\ACM\sfmlSolving\sfmlSolving\main.cpp(5378,15): warning C4244: 'initializing': conversion from 'double' to 'float', possible loss of data
C:\Users\adham\onedrive\Desktop\ACM\sfmlSolving\sfmlSolving\main.cpp(5403,15): warning C4244: 'initializing': conversion from 'double' to 'float', possible loss of data
C:\Users\adham\onedrive\Desktop\ACM\sfmlSolving\sfmlSolving\main.cpp(5430,15): warning C4244: 'initializing': conversion from 'double' to 'float', possible loss of data
C:\Users\adham\onedrive\Desktop\ACM\sfmlSolving\sfmlSolving\main.cpp(5701,34): warning C4244: 'argument': conversion from 'int' to 'float', possible loss of data
C:\Users\adham\onedrive\Desktop\ACM\sfmlSolving\sfmlSolving\main.cpp(5736,24): warning C4305: 'argument': truncation from 'double' to 'float'
C:\Users\adham\onedrive\Desktop\ACM\sfmlSolving\sfmlSolving\main.cpp(5758,28): warning C4305: 'argument': truncation from 'double' to 'float'
C:\Users\adham\onedrive\Desktop\ACM\sfmlSolving\sfmlSolving\main.cpp(5758,23): warning C4305: 'argument': truncation from 'double' to 'float'
C:\Users\adham\onedrive\Desktop\ACM\sfmlSolving\sfmlSolving\main.cpp(5798,24): warning C4305: 'argument': truncation from 'double' to 'float'
C:\Users\adham\onedrive\Desktop\ACM\sfmlSolving\sfmlSolving\main.cpp(6261,71): warning C4244: 'argument': conversion from 'T' to 'float', possible loss of data
C:\Users\adham\onedrive\Desktop\ACM\sfmlSolving\sfmlSolving\main.cpp(6261,71): warning C4244:         with
C:\Users\adham\onedrive\Desktop\ACM\sfmlSolving\sfmlSolving\main.cpp(6261,71): warning C4244:         [
C:\Users\adham\onedrive\Desktop\ACM\sfmlSolving\sfmlSolving\main.cpp(6261,71): warning C4244:             T=unsigned int
C:\Users\adham\onedrive\Desktop\ACM\sfmlSolving\sfmlSolving\main.cpp(6261,71): warning C4244:         ]
C:\Users\adham\onedrive\Desktop\ACM\sfmlSolving\sfmlSolving\main.cpp(6261,45): warning C4244: 'argument': conversion from 'T' to 'float', possible loss of data
C:\Users\adham\onedrive\Desktop\ACM\sfmlSolving\sfmlSolving\main.cpp(6261,45): warning C4244:         with
C:\Users\adham\onedrive\Desktop\ACM\sfmlSolving\sfmlSolving\main.cpp(6261,45): warning C4244:         [
C:\Users\adham\onedrive\Desktop\ACM\sfmlSolving\sfmlSolving\main.cpp(6261,45): warning C4244:             T=unsigned int
C:\Users\adham\onedrive\Desktop\ACM\sfmlSolving\sfmlSolving\main.cpp(6261,45): warning C4244:         ]
C:\Users\adham\onedrive\Desktop\ACM\sfmlSolving\sfmlSolving\main.cpp(6346,54): warning C4244: 'argument': conversion from 'int' to 'float', possible loss of data
C:\Users\adham\onedrive\Desktop\ACM\sfmlSolving\sfmlSolving\main.cpp(6346,39): warning C4244: 'argument': conversion from 'int' to 'float', possible loss of data
C:\Users\adham\onedrive\Desktop\ACM\sfmlSolving\sfmlSolving\main.cpp(6365,84): warning C4244: 'argument': conversion from 'int' to 'float', possible loss of data
C:\Users\adham\onedrive\Desktop\ACM\sfmlSolving\sfmlSolving\main.cpp(6365,57): warning C4244: 'argument': conversion from 'int' to 'float', possible loss of data
C:\Users\adham\onedrive\Desktop\ACM\sfmlSolving\sfmlSolving\main.cpp(6385,83): warning C4244: 'argument': conversion from 'int' to 'float', possible loss of data
C:\Users\adham\onedrive\Desktop\ACM\sfmlSolving\sfmlSolving\main.cpp(6385,56): warning C4244: 'argument': conversion from 'int' to 'float', possible loss of data
C:\Users\adham\onedrive\Desktop\ACM\sfmlSolving\sfmlSolving\main.cpp(6387,83): warning C4244: 'argument': conversion from 'int' to 'float', possible loss of data
C:\Users\adham\onedrive\Desktop\ACM\sfmlSolving\sfmlSolving\main.cpp(6387,56): warning C4244: 'argument': conversion from 'int' to 'float', possible loss of data
C:\Users\adham\onedrive\Desktop\ACM\sfmlSolving\sfmlSolving\main.cpp(6389,83): warning C4244: 'argument': conversion from 'int' to 'float', possible loss of data
C:\Users\adham\onedrive\Desktop\ACM\sfmlSolving\sfmlSolving\main.cpp(6389,56): warning C4244: 'argument': conversion from 'int' to 'float', possible loss of data
C:\Users\adham\onedrive\Desktop\ACM\sfmlSolving\sfmlSolving\main.cpp(6501,27): warning C4244: '=': conversion from 'int' to 'float', possible loss of data
C:\Users\adham\onedrive\Desktop\ACM\sfmlSolving\sfmlSolving\main.cpp(6505,9): warning C4244: '=': conversion from 'int' to 'float', possible loss of data
C:\Users\adham\onedrive\Desktop\ACM\sfmlSolving\sfmlSolving\main.cpp(6506,28): warning C4244: '=': conversion from 'int' to 'float', possible loss of data
C:\Users\adham\onedrive\Desktop\ACM\sfmlSolving\sfmlSolving\main.cpp(6509,27): warning C4244: '=': conversion from 'int' to 'float', possible loss of data
C:\Users\adham\onedrive\Desktop\ACM\sfmlSolving\sfmlSolving\main.cpp(6510,9): warning C4244: '=': conversion from 'int' to 'float', possible loss of data
C:\Users\adham\onedrive\Desktop\ACM\sfmlSolving\sfmlSolving\main.cpp(6514,28): warning C4244: '=': conversion from 'int' to 'float', possible loss of data
C:\Users\adham\onedrive\Desktop\ACM\sfmlSolving\sfmlSolving\main.cpp(6547,16): warning C4244: '=': conversion from 'int' to 'float', possible loss of data
C:\Users\adham\onedrive\Desktop\ACM\sfmlSolving\sfmlSolving\main.cpp(6551,9): warning C4244: '=': conversion from 'int' to 'float', possible loss of data
C:\Users\adham\onedrive\Desktop\ACM\sfmlSolving\sfmlSolving\main.cpp(6552,16): warning C4244: '=': conversion from 'int' to 'float', possible loss of data
C:\Users\adham\onedrive\Desktop\ACM\sfmlSolving\sfmlSolving\main.cpp(6555,16): warning C4244: '=': conversion from 'int' to 'float', possible loss of data
C:\Users\adham\onedrive\Desktop\ACM\sfmlSolving\sfmlSolving\main.cpp(6556,9): warning C4244: '=': conversion from 'int' to 'float', possible loss of data
C:\Users\adham\onedrive\Desktop\ACM\sfmlSolving\sfmlSolving\main.cpp(6560,16): warning C4244: '=': conversion from 'int' to 'float', possible loss of data
C:\Users\adham\onedrive\Desktop\ACM\sfmlSolving\sfmlSolving\main.cpp(6639,53): warning C4244: 'argument': conversion from 'int' to 'float', possible loss of data
C:\Users\adham\onedrive\Desktop\ACM\sfmlSolving\sfmlSolving\main.cpp(6639,38): warning C4244: 'argument': conversion from 'int' to 'float', possible loss of data
C:\Users\adham\onedrive\Desktop\ACM\sfmlSolving\sfmlSolving\main.cpp(6659,83): warning C4244: 'argument': conversion from 'int' to 'float', possible loss of data
C:\Users\adham\onedrive\Desktop\ACM\sfmlSolving\sfmlSolving\main.cpp(6659,56): warning C4244: 'argument': conversion from 'int' to 'float', possible loss of data
C:\Users\adham\onedrive\Desktop\ACM\sfmlSolving\sfmlSolving\main.cpp(6897,53): warning C4244: 'argument': conversion from 'int' to 'float', possible loss of data
C:\Users\adham\onedrive\Desktop\ACM\sfmlSolving\sfmlSolving\main.cpp(6897,38): warning C4244: 'argument': conversion from 'int' to 'float', possible loss of data
C:\Users\adham\onedrive\Desktop\ACM\sfmlSolving\sfmlSolving\main.cpp(6918,83): warning C4244: 'argument': conversion from 'int' to 'float', possible loss of data
C:\Users\adham\onedrive\Desktop\ACM\sfmlSolving\sfmlSolving\main.cpp(6918,56): warning C4244: 'argument': conversion from 'int' to 'float', possible loss of data
C:\Users\adham\onedrive\Desktop\ACM\sfmlSolving\sfmlSolving\main.cpp(7119,82): warning C4244: 'argument': conversion from 'int' to 'float', possible loss of data
C:\Users\adham\onedrive\Desktop\ACM\sfmlSolving\sfmlSolving\main.cpp(7119,55): warning C4244: 'argument': conversion from 'int' to 'float', possible loss of data
C:\Users\adham\onedrive\Desktop\ACM\sfmlSolving\sfmlSolving\main.cpp(7130,16): warning C4244: 'initializing': conversion from 'double' to 'float', possible loss of data
C:\Users\adham\onedrive\Desktop\ACM\sfmlSolving\sfmlSolving\main.cpp(7159,16): warning C4244: 'initializing': conversion from 'double' to 'float', possible loss of data
C:\Users\adham\onedrive\Desktop\ACM\sfmlSolving\sfmlSolving\main.cpp(7237,53): warning C4244: 'argument': conversion from 'int' to 'float', possible loss of data
C:\Users\adham\onedrive\Desktop\ACM\sfmlSolving\sfmlSolving\main.cpp(7237,38): warning C4244: 'argument': conversion from 'int' to 'float', possible loss of data
C:\Users\adham\onedrive\Desktop\ACM\sfmlSolving\sfmlSolving\main.cpp(7256,83): warning C4244: 'argument': conversion from 'int' to 'float', possible loss of data
C:\Users\adham\onedrive\Desktop\ACM\sfmlSolving\sfmlSolving\main.cpp(7256,56): warning C4244: 'argument': conversion from 'int' to 'float', possible loss of data
C:\Users\adham\onedrive\Desktop\ACM\sfmlSolving\sfmlSolving\main.cpp(7259,83): warning C4244: 'argument': conversion from 'int' to 'float', possible loss of data
C:\Users\adham\onedrive\Desktop\ACM\sfmlSolving\sfmlSolving\main.cpp(7259,56): warning C4244: 'argument': conversion from 'int' to 'float', possible loss of data
C:\Users\adham\onedrive\Desktop\ACM\sfmlSolving\sfmlSolving\main.cpp(7396,31): warning C4305: 'argument': truncation from 'double' to 'float'
C:\Users\adham\onedrive\Desktop\ACM\sfmlSolving\sfmlSolving\main.cpp(7396,26): warning C4305: 'argument': truncation from 'double' to 'float'
C:\Users\adham\onedrive\Desktop\ACM\sfmlSolving\sfmlSolving\main.cpp(7455,34): warning C4244: 'argument': conversion from 'int' to 'float', possible loss of data
C:\Users\adham\onedrive\Desktop\ACM\sfmlSolving\sfmlSolving\main.cpp(7460,34): warning C4244: 'argument': conversion from 'const int' to 'float', possible loss of data
C:\Users\adham\onedrive\Desktop\ACM\sfmlSolving\sfmlSolving\main.cpp(7469,37): warning C4244: 'argument': conversion from 'int' to 'float', possible loss of data
C:\Users\adham\onedrive\Desktop\ACM\sfmlSolving\sfmlSolving\main.cpp(7474,37): warning C4244: 'argument': conversion from 'const int' to 'float', possible loss of data
C:\Users\adham\onedrive\Desktop\ACM\sfmlSolving\sfmlSolving\main.cpp(7502,33): warning C4244: 'argument': conversion from 'int' to 'float', possible loss of data
C:\Users\adham\onedrive\Desktop\ACM\sfmlSolving\sfmlSolving\main.cpp(7507,33): warning C4244: 'argument': conversion from 'const int' to 'float', possible loss of data
C:\Users\adham\onedrive\Desktop\ACM\sfmlSolving\sfmlSolving\main.cpp(7516,36): warning C4244: 'argument': conversion from 'int' to 'float', possible loss of data
C:\Users\adham\onedrive\Desktop\ACM\sfmlSolving\sfmlSolving\main.cpp(7521,36): warning C4244: 'argument': conversion from 'const int' to 'float', possible loss of data
C:\Users\adham\onedrive\Desktop\ACM\sfmlSolving\sfmlSolving\main.cpp(7567,16): warning C4244: '=': conversion from 'int' to 'float', possible loss of data
C:\Users\adham\onedrive\Desktop\ACM\sfmlSolving\sfmlSolving\main.cpp(7571,9): warning C4244: '=': conversion from 'int' to 'float', possible loss of data
C:\Users\adham\onedrive\Desktop\ACM\sfmlSolving\sfmlSolving\main.cpp(7572,16): warning C4244: '=': conversion from 'int' to 'float', possible loss of data
C:\Users\adham\onedrive\Desktop\ACM\sfmlSolving\sfmlSolving\main.cpp(7575,16): warning C4244: '=': conversion from 'int' to 'float', possible loss of data
C:\Users\adham\onedrive\Desktop\ACM\sfmlSolving\sfmlSolving\main.cpp(7576,9): warning C4244: '=': conversion from 'int' to 'float', possible loss of data
C:\Users\adham\onedrive\Desktop\ACM\sfmlSolving\sfmlSolving\main.cpp(7580,16): warning C4244: '=': conversion from 'int' to 'float', possible loss of data
C:\Users\adham\onedrive\Desktop\ACM\sfmlSolving\sfmlSolving\main.cpp(7612,16): warning C4244: '=': conversion from 'int' to 'float', possible loss of data
C:\Users\adham\onedrive\Desktop\ACM\sfmlSolving\sfmlSolving\main.cpp(7617,16): warning C4244: '=': conversion from 'int' to 'float', possible loss of data
C:\Users\adham\onedrive\Desktop\ACM\sfmlSolving\sfmlSolving\main.cpp(7620,16): warning C4244: '=': conversion from 'int' to 'float', possible loss of data
C:\Users\adham\onedrive\Desktop\ACM\sfmlSolving\sfmlSolving\main.cpp(7625,16): warning C4244: '=': conversion from 'int' to 'float', possible loss of data
C:\Users\adham\onedrive\Desktop\ACM\sfmlSolving\sfmlSolving\main.cpp(7739,16): warning C4244: '=': conversion from 'int' to 'float', possible loss of data
C:\Users\adham\onedrive\Desktop\ACM\sfmlSolving\sfmlSolving\main.cpp(7743,9): warning C4244: '=': conversion from 'int' to 'float', possible loss of data
C:\Users\adham\onedrive\Desktop\ACM\sfmlSolving\sfmlSolving\main.cpp(7744,16): warning C4244: '=': conversion from 'int' to 'float', possible loss of data
C:\Users\adham\onedrive\Desktop\ACM\sfmlSolving\sfmlSolving\main.cpp(7747,16): warning C4244: '=': conversion from 'int' to 'float', possible loss of data
C:\Users\adham\onedrive\Desktop\ACM\sfmlSolving\sfmlSolving\main.cpp(7748,9): warning C4244: '=': conversion from 'int' to 'float', possible loss of data
C:\Users\adham\onedrive\Desktop\ACM\sfmlSolving\sfmlSolving\main.cpp(7752,16): warning C4244: '=': conversion from 'int' to 'float', possible loss of data
C:\Users\adham\onedrive\Desktop\ACM\sfmlSolving\sfmlSolving\main.cpp(7806,38): warning C4244: 'argument': conversion from 'int' to 'float', possible loss of data
C:\Users\adham\onedrive\Desktop\ACM\sfmlSolving\sfmlSolving\main.cpp(7806,35): warning C4244: 'argument': conversion from 'int' to 'float', possible loss of data
C:\Users\adham\onedrive\Desktop\ACM\sfmlSolving\sfmlSolving\main.cpp(7819,38): warning C4244: 'argument': conversion from 'int' to 'float', possible loss of data
C:\Users\adham\onedrive\Desktop\ACM\sfmlSolving\sfmlSolving\main.cpp(7819,35): warning C4244: 'argument': conversion from 'int' to 'float', possible loss of data
C:\Users\adham\onedrive\Desktop\ACM\sfmlSolving\sfmlSolving\main.cpp(7856,33): warning C4244: 'argument': conversion from 'int' to 'float', possible loss of data
C:\Users\adham\onedrive\Desktop\ACM\sfmlSolving\sfmlSolving\main.cpp(7861,33): warning C4244: 'argument': conversion from 'int' to 'float', possible loss of data
C:\Users\adham\onedrive\Desktop\ACM\sfmlSolving\sfmlSolving\main.cpp(7870,36): warning C4244: 'argument': conversion from 'int' to 'float', possible loss of data
C:\Users\adham\onedrive\Desktop\ACM\sfmlSolving\sfmlSolving\main.cpp(7875,36): warning C4244: 'argument': conversion from 'int' to 'float', possible loss of data
C:\Users\adham\onedrive\Desktop\ACM\sfmlSolving\sfmlSolving\main.cpp(7889,33): warning C4244: 'argument': conversion from 'int' to 'float', possible loss of data
C:\Users\adham\onedrive\Desktop\ACM\sfmlSolving\sfmlSolving\main.cpp(7894,33): warning C4244: 'argument': conversion from 'int' to 'float', possible loss of data
C:\Users\adham\onedrive\Desktop\ACM\sfmlSolving\sfmlSolving\main.cpp(7903,36): warning C4244: 'argument': conversion from 'int' to 'float', possible loss of data
C:\Users\adham\onedrive\Desktop\ACM\sfmlSolving\sfmlSolving\main.cpp(7908,36): warning C4244: 'argument': conversion from 'int' to 'float', possible loss of data
C:\Users\adham\onedrive\Desktop\ACM\sfmlSolving\sfmlSolving\main.cpp(7922,33): warning C4244: 'argument': conversion from 'int' to 'float', possible loss of data
C:\Users\adham\onedrive\Desktop\ACM\sfmlSolving\sfmlSolving\main.cpp(7927,33): warning C4244: 'argument': conversion from 'int' to 'float', possible loss of data
C:\Users\adham\onedrive\Desktop\ACM\sfmlSolving\sfmlSolving\main.cpp(7936,36): warning C4244: 'argument': conversion from 'int' to 'float', possible loss of data
C:\Users\adham\onedrive\Desktop\ACM\sfmlSolving\sfmlSolving\main.cpp(7941,36): warning C4244: 'argument': conversion from 'int' to 'float', possible loss of data
C:\Users\adham\onedrive\Desktop\ACM\sfmlSolving\sfmlSolving\main.cpp(7989,33): warning C4244: 'argument': conversion from 'int' to 'float', possible loss of data
C:\Users\adham\onedrive\Desktop\ACM\sfmlSolving\sfmlSolving\main.cpp(7994,33): warning C4244: 'argument': conversion from 'int' to 'float', possible loss of data
C:\Users\adham\onedrive\Desktop\ACM\sfmlSolving\sfmlSolving\main.cpp(8003,36): warning C4244: 'argument': conversion from 'int' to 'float', possible loss of data
C:\Users\adham\onedrive\Desktop\ACM\sfmlSolving\sfmlSolving\main.cpp(8008,36): warning C4244: 'argument': conversion from 'int' to 'float', possible loss of data
C:\Users\adham\onedrive\Desktop\ACM\sfmlSolving\sfmlSolving\main.cpp(8023,33): warning C4244: 'argument': conversion from 'int' to 'float', possible loss of data
C:\Users\adham\onedrive\Desktop\ACM\sfmlSolving\sfmlSolving\main.cpp(8028,33): warning C4244: 'argument': conversion from 'int' to 'float', possible loss of data
C:\Users\adham\onedrive\Desktop\ACM\sfmlSolving\sfmlSolving\main.cpp(8037,36): warning C4244: 'argument': conversion from 'int' to 'float', possible loss of data
C:\Users\adham\onedrive\Desktop\ACM\sfmlSolving\sfmlSolving\main.cpp(8042,36): warning C4244: 'argument': conversion from 'int' to 'float', possible loss of data
C:\Users\adham\onedrive\Desktop\ACM\sfmlSolving\sfmlSolving\main.cpp(8057,33): warning C4244: 'argument': conversion from 'int' to 'float', possible loss of data
C:\Users\adham\onedrive\Desktop\ACM\sfmlSolving\sfmlSolving\main.cpp(8062,33): warning C4244: 'argument': conversion from 'int' to 'float', possible loss of data
C:\Users\adham\onedrive\Desktop\ACM\sfmlSolving\sfmlSolving\main.cpp(8071,36): warning C4244: 'argument': conversion from 'int' to 'float', possible loss of data
C:\Users\adham\onedrive\Desktop\ACM\sfmlSolving\sfmlSolving\main.cpp(8076,36): warning C4244: 'argument': conversion from 'int' to 'float', possible loss of data
C:\Users\adham\onedrive\Desktop\ACM\sfmlSolving\sfmlSolving\main.cpp(8089,34): warning C4244: 'argument': conversion from 'int' to 'float', possible loss of data
C:\Users\adham\onedrive\Desktop\ACM\sfmlSolving\sfmlSolving\main.cpp(8093,34): warning C4244: 'argument': conversion from 'int' to 'float', possible loss of data
C:\Users\adham\onedrive\Desktop\ACM\sfmlSolving\sfmlSolving\main.cpp(8096,31): warning C4244: 'argument': conversion from 'int' to 'float', possible loss of data
C:\Users\adham\onedrive\Desktop\ACM\sfmlSolving\sfmlSolving\main.cpp(8100,31): warning C4244: 'argument': conversion from 'int' to 'float', possible loss of data
C:\Users\adham\onedrive\Desktop\ACM\sfmlSolving\sfmlSolving\main.cpp(8254,31): warning C4305: 'argument': truncation from 'double' to 'float'
C:\Users\adham\onedrive\Desktop\ACM\sfmlSolving\sfmlSolving\main.cpp(8254,26): warning C4305: 'argument': truncation from 'double' to 'float'
C:\Users\adham\onedrive\Desktop\ACM\sfmlSolving\sfmlSolving\main.cpp(8285,19): warning C4244: 'initializing': conversion from 'int' to 'float', possible loss of data
C:\Users\adham\onedrive\Desktop\ACM\sfmlSolving\sfmlSolving\main.cpp(8286,19): warning C4244: 'initializing': conversion from 'int' to 'float', possible loss of data
C:\Users\adham\onedrive\Desktop\ACM\sfmlSolving\sfmlSolving\main.cpp(8352,33): warning C4244: 'argument': conversion from 'int' to 'float', possible loss of data
C:\Users\adham\onedrive\Desktop\ACM\sfmlSolving\sfmlSolving\main.cpp(8356,33): warning C4244: 'argument': conversion from 'int' to 'float', possible loss of data
C:\Users\adham\onedrive\Desktop\ACM\sfmlSolving\sfmlSolving\main.cpp(8359,30): warning C4244: 'argument': conversion from 'int' to 'float', possible loss of data
C:\Users\adham\onedrive\Desktop\ACM\sfmlSolving\sfmlSolving\main.cpp(8363,30): warning C4244: 'argument': conversion from 'int' to 'float', possible loss of data
C:\Users\adham\onedrive\Desktop\ACM\sfmlSolving\sfmlSolving\main.cpp(8386,34): warning C4244: 'argument': conversion from 'int' to 'float', possible loss of data
C:\Users\adham\onedrive\Desktop\ACM\sfmlSolving\sfmlSolving\main.cpp(8391,34): warning C4244: 'argument': conversion from 'int' to 'float', possible loss of data
C:\Users\adham\onedrive\Desktop\ACM\sfmlSolving\sfmlSolving\main.cpp(8400,37): warning C4244: 'argument': conversion from 'int' to 'float', possible loss of data
C:\Users\adham\onedrive\Desktop\ACM\sfmlSolving\sfmlSolving\main.cpp(8405,37): warning C4244: 'argument': conversion from 'int' to 'float', possible loss of data
C:\Users\adham\onedrive\Desktop\ACM\sfmlSolving\sfmlSolving\main.cpp(8428,33): warning C4244: 'argument': conversion from 'int' to 'float', possible loss of data
C:\Users\adham\onedrive\Desktop\ACM\sfmlSolving\sfmlSolving\main.cpp(8433,33): warning C4244: 'argument': conversion from 'int' to 'float', possible loss of data
C:\Users\adham\onedrive\Desktop\ACM\sfmlSolving\sfmlSolving\main.cpp(8442,36): warning C4244: 'argument': conversion from 'int' to 'float', possible loss of data
C:\Users\adham\onedrive\Desktop\ACM\sfmlSolving\sfmlSolving\main.cpp(8447,36): warning C4244: 'argument': conversion from 'int' to 'float', possible loss of data
C:\Users\adham\onedrive\Desktop\ACM\sfmlSolving\sfmlSolving\main.cpp(8587,28): warning C4244: 'argument': conversion from 'int' to 'float', possible loss of data
C:\Users\adham\onedrive\Desktop\ACM\sfmlSolving\sfmlSolving\main.cpp(8638,19): warning C4244: 'initializing': conversion from 'int' to 'float', possible loss of data
C:\Users\adham\onedrive\Desktop\ACM\sfmlSolving\sfmlSolving\main.cpp(8639,19): warning C4244: 'initializing': conversion from 'int' to 'float', possible loss of data
C:\Users\adham\onedrive\Desktop\ACM\sfmlSolving\sfmlSolving\main.cpp(8701,33): warning C4244: 'argument': conversion from 'int' to 'float', possible loss of data
C:\Users\adham\onedrive\Desktop\ACM\sfmlSolving\sfmlSolving\main.cpp(8705,33): warning C4244: 'argument': conversion from 'int' to 'float', possible loss of data
C:\Users\adham\onedrive\Desktop\ACM\sfmlSolving\sfmlSolving\main.cpp(8708,30): warning C4244: 'argument': conversion from 'int' to 'float', possible loss of data
C:\Users\adham\onedrive\Desktop\ACM\sfmlSolving\sfmlSolving\main.cpp(8712,30): warning C4244: 'argument': conversion from 'int' to 'float', possible loss of data
C:\Users\adham\onedrive\Desktop\ACM\sfmlSolving\sfmlSolving\main.cpp(8736,34): warning C4244: 'argument': conversion from 'int' to 'float', possible loss of data
C:\Users\adham\onedrive\Desktop\ACM\sfmlSolving\sfmlSolving\main.cpp(8741,34): warning C4244: 'argument': conversion from 'int' to 'float', possible loss of data
C:\Users\adham\onedrive\Desktop\ACM\sfmlSolving\sfmlSolving\main.cpp(8750,37): warning C4244: 'argument': conversion from 'int' to 'float', possible loss of data
C:\Users\adham\onedrive\Desktop\ACM\sfmlSolving\sfmlSolving\main.cpp(8755,37): warning C4244: 'argument': conversion from 'int' to 'float', possible loss of data
C:\Users\adham\onedrive\Desktop\ACM\sfmlSolving\sfmlSolving\main.cpp(8784,33): warning C4244: 'argument': conversion from 'int' to 'float', possible loss of data
C:\Users\adham\onedrive\Desktop\ACM\sfmlSolving\sfmlSolving\main.cpp(8789,33): warning C4244: 'argument': conversion from 'int' to 'float', possible loss of data
C:\Users\adham\onedrive\Desktop\ACM\sfmlSolving\sfmlSolving\main.cpp(8798,36): warning C4244: 'argument': conversion from 'int' to 'float', possible loss of data
C:\Users\adham\onedrive\Desktop\ACM\sfmlSolving\sfmlSolving\main.cpp(8803,36): warning C4244: 'argument': conversion from 'int' to 'float', possible loss of data
C:\Users\adham\onedrive\Desktop\ACM\sfmlSolving\sfmlSolving\main.cpp(8922,31): warning C4305: 'argument': truncation from 'double' to 'float'
C:\Users\adham\onedrive\Desktop\ACM\sfmlSolving\sfmlSolving\main.cpp(8922,26): warning C4305: 'argument': truncation from 'double' to 'float'
C:\Users\adham\onedrive\Desktop\ACM\sfmlSolving\sfmlSolving\main.cpp(8923,26): warning C4305: 'argument': truncation from 'double' to 'float'
C:\Users\adham\onedrive\Desktop\ACM\sfmlSolving\sfmlSolving\main.cpp(8923,21): warning C4305: 'argument': truncation from 'double' to 'float'
C:\Users\adham\onedrive\Desktop\ACM\sfmlSolving\sfmlSolving\main.cpp(8933,30): warning C4305: 'argument': truncation from 'double' to 'float'
C:\Users\adham\onedrive\Desktop\ACM\sfmlSolving\sfmlSolving\main.cpp(8937,30): warning C4305: 'argument': truncation from 'double' to 'float'
C:\Users\adham\onedrive\Desktop\ACM\sfmlSolving\sfmlSolving\main.cpp(9050,19): warning C4244: 'initializing': conversion from 'int' to 'float', possible loss of data
C:\Users\adham\onedrive\Desktop\ACM\sfmlSolving\sfmlSolving\main.cpp(9051,19): warning C4244: 'initializing': conversion from 'int' to 'float', possible loss of data
C:\Users\adham\onedrive\Desktop\ACM\sfmlSolving\sfmlSolving\main.cpp(9112,33): warning C4244: 'argument': conversion from 'int' to 'float', possible loss of data
C:\Users\adham\onedrive\Desktop\ACM\sfmlSolving\sfmlSolving\main.cpp(9116,33): warning C4244: 'argument': conversion from 'int' to 'float', possible loss of data
C:\Users\adham\onedrive\Desktop\ACM\sfmlSolving\sfmlSolving\main.cpp(9119,30): warning C4244: 'argument': conversion from 'int' to 'float', possible loss of data
C:\Users\adham\onedrive\Desktop\ACM\sfmlSolving\sfmlSolving\main.cpp(9123,30): warning C4244: 'argument': conversion from 'int' to 'float', possible loss of data
C:\Users\adham\onedrive\Desktop\ACM\sfmlSolving\sfmlSolving\main.cpp(9146,34): warning C4244: 'argument': conversion from 'int' to 'float', possible loss of data
C:\Users\adham\onedrive\Desktop\ACM\sfmlSolving\sfmlSolving\main.cpp(9151,34): warning C4244: 'argument': conversion from 'int' to 'float', possible loss of data
C:\Users\adham\onedrive\Desktop\ACM\sfmlSolving\sfmlSolving\main.cpp(9160,37): warning C4244: 'argument': conversion from 'int' to 'float', possible loss of data
C:\Users\adham\onedrive\Desktop\ACM\sfmlSolving\sfmlSolving\main.cpp(9165,37): warning C4244: 'argument': conversion from 'int' to 'float', possible loss of data
C:\Users\adham\onedrive\Desktop\ACM\sfmlSolving\sfmlSolving\main.cpp(9194,33): warning C4244: 'argument': conversion from 'int' to 'float', possible loss of data
C:\Users\adham\onedrive\Desktop\ACM\sfmlSolving\sfmlSolving\main.cpp(9199,33): warning C4244: 'argument': conversion from 'int' to 'float', possible loss of data
C:\Users\adham\onedrive\Desktop\ACM\sfmlSolving\sfmlSolving\main.cpp(9208,36): warning C4244: 'argument': conversion from 'int' to 'float', possible loss of data
C:\Users\adham\onedrive\Desktop\ACM\sfmlSolving\sfmlSolving\main.cpp(9213,36): warning C4244: 'argument': conversion from 'int' to 'float', possible loss of data
C:\Users\adham\onedrive\Desktop\ACM\sfmlSolving\sfmlSolving\main.cpp(9302,53): warning C4244: 'argument': conversion from 'int' to 'float', possible loss of data
C:\Users\adham\onedrive\Desktop\ACM\sfmlSolving\sfmlSolving\main.cpp(9302,38): warning C4244: 'argument': conversion from 'int' to 'float', possible loss of data
C:\Users\adham\onedrive\Desktop\ACM\sfmlSolving\sfmlSolving\main.cpp(9356,19): warning C4244: 'initializing': conversion from 'int' to 'float', possible loss of data
C:\Users\adham\onedrive\Desktop\ACM\sfmlSolving\sfmlSolving\main.cpp(9357,19): warning C4244: 'initializing': conversion from 'int' to 'float', possible loss of data
C:\Users\adham\onedrive\Desktop\ACM\sfmlSolving\sfmlSolving\main.cpp(9376,16): warning C4244: 'initializing': conversion from 'double' to 'float', possible loss of data
C:\Users\adham\onedrive\Desktop\ACM\sfmlSolving\sfmlSolving\main.cpp(9406,16): warning C4244: 'initializing': conversion from 'double' to 'float', possible loss of data
C:\Users\adham\onedrive\Desktop\ACM\sfmlSolving\sfmlSolving\main.cpp(9439,34): warning C4244: 'argument': conversion from 'int' to 'float', possible loss of data
C:\Users\adham\onedrive\Desktop\ACM\sfmlSolving\sfmlSolving\main.cpp(9447,34): warning C4244: 'argument': conversion from 'int' to 'float', possible loss of data
C:\Users\adham\onedrive\Desktop\ACM\sfmlSolving\sfmlSolving\main.cpp(9453,31): warning C4244: 'argument': conversion from 'int' to 'float', possible loss of data
C:\Users\adham\onedrive\Desktop\ACM\sfmlSolving\sfmlSolving\main.cpp(9461,31): warning C4244: 'argument': conversion from 'int' to 'float', possible loss of data
C:\Users\adham\onedrive\Desktop\ACM\sfmlSolving\sfmlSolving\main.cpp(9542,105): warning C4305: 'argument': truncation from 'double' to 'float'
C:\Users\adham\onedrive\Desktop\ACM\sfmlSolving\sfmlSolving\main.cpp(9542,99): warning C4305: 'argument': truncation from 'double' to 'float'
C:\Users\adham\onedrive\Desktop\ACM\sfmlSolving\sfmlSolving\main.cpp(9620,83): warning C4244: 'argument': conversion from 'int' to 'float', possible loss of data
C:\Users\adham\onedrive\Desktop\ACM\sfmlSolving\sfmlSolving\main.cpp(9620,56): warning C4244: 'argument': conversion from 'int' to 'float', possible loss of data
C:\Users\adham\onedrive\Desktop\ACM\sfmlSolving\sfmlSolving\main.cpp(9630,84): warning C4244: 'argument': conversion from 'int' to 'float', possible loss of data
C:\Users\adham\onedrive\Desktop\ACM\sfmlSolving\sfmlSolving\main.cpp(9630,57): warning C4244: 'argument': conversion from 'int' to 'float', possible loss of data
C:\Users\adham\onedrive\Desktop\ACM\sfmlSolving\sfmlSolving\main.cpp(9740,105): warning C4305: 'argument': truncation from 'double' to 'float'
C:\Users\adham\onedrive\Desktop\ACM\sfmlSolving\sfmlSolving\main.cpp(9740,99): warning C4305: 'argument': truncation from 'double' to 'float'
C:\Users\adham\onedrive\Desktop\ACM\sfmlSolving\sfmlSolving\main.cpp(9793,24): warning C4244: '=': conversion from 'int' to 'float', possible loss of data
C:\Users\adham\onedrive\Desktop\ACM\sfmlSolving\sfmlSolving\main.cpp(9794,45): warning C4244: '=': conversion from 'int' to 'float', possible loss of data
C:\Users\adham\onedrive\Desktop\ACM\sfmlSolving\sfmlSolving\main.cpp(9795,24): warning C4244: '=': conversion from 'int' to 'float', possible loss of data
C:\Users\adham\onedrive\Desktop\ACM\sfmlSolving\sfmlSolving\main.cpp(9796,34): warning C4244: '=': conversion from 'int' to 'float', possible loss of data
C:\Users\adham\onedrive\Desktop\ACM\sfmlSolving\sfmlSolving\main.cpp(9811,25): warning C4244: '=': conversion from 'int' to 'float', possible loss of data
C:\Users\adham\onedrive\Desktop\ACM\sfmlSolving\sfmlSolving\main.cpp(9812,46): warning C4244: '=': conversion from 'int' to 'float', possible loss of data
C:\Users\adham\onedrive\Desktop\ACM\sfmlSolving\sfmlSolving\main.cpp(9813,25): warning C4244: '=': conversion from 'int' to 'float', possible loss of data
C:\Users\adham\onedrive\Desktop\ACM\sfmlSolving\sfmlSolving\main.cpp(9814,35): warning C4244: '=': conversion from 'int' to 'float', possible loss of data
C:\Users\adham\onedrive\Desktop\ACM\sfmlSolving\sfmlSolving\main.cpp(9946,105): warning C4305: 'argument': truncation from 'double' to 'float'
C:\Users\adham\onedrive\Desktop\ACM\sfmlSolving\sfmlSolving\main.cpp(9946,99): warning C4305: 'argument': truncation from 'double' to 'float'
C:\Users\adham\onedrive\Desktop\ACM\sfmlSolving\sfmlSolving\main.cpp(9982,25): warning C4244: '=': conversion from 'int' to 'float', possible loss of data
C:\Users\adham\onedrive\Desktop\ACM\sfmlSolving\sfmlSolving\main.cpp(9983,46): warning C4244: '=': conversion from 'int' to 'float', possible loss of data
C:\Users\adham\onedrive\Desktop\ACM\sfmlSolving\sfmlSolving\main.cpp(9984,25): warning C4244: '=': conversion from 'int' to 'float', possible loss of data
C:\Users\adham\onedrive\Desktop\ACM\sfmlSolving\sfmlSolving\main.cpp(9985,35): warning C4244: '=': conversion from 'int' to 'float', possible loss of data
C:\Users\adham\onedrive\Desktop\ACM\sfmlSolving\sfmlSolving\main.cpp(10000,26): warning C4244: '=': conversion from 'int' to 'float', possible loss of data
C:\Users\adham\onedrive\Desktop\ACM\sfmlSolving\sfmlSolving\main.cpp(10001,47): warning C4244: '=': conversion from 'int' to 'float', possible loss of data
C:\Users\adham\onedrive\Desktop\ACM\sfmlSolving\sfmlSolving\main.cpp(10002,26): warning C4244: '=': conversion from 'int' to 'float', possible loss of data
C:\Users\adham\onedrive\Desktop\ACM\sfmlSolving\sfmlSolving\main.cpp(10003,36): warning C4244: '=': conversion from 'int' to 'float', possible loss of data
C:\Users\adham\onedrive\Desktop\ACM\sfmlSolving\sfmlSolving\main.cpp(10067,83): warning C4244: 'argument': conversion from 'int' to 'float', possible loss of data
C:\Users\adham\onedrive\Desktop\ACM\sfmlSolving\sfmlSolving\main.cpp(10067,56): warning C4244: 'argument': conversion from 'int' to 'float', possible loss of data
C:\Users\adham\onedrive\Desktop\ACM\sfmlSolving\sfmlSolving\main.cpp(10317,105): warning C4305: 'argument': truncation from 'double' to 'float'
C:\Users\adham\onedrive\Desktop\ACM\sfmlSolving\sfmlSolving\main.cpp(10317,99): warning C4305: 'argument': truncation from 'double' to 'float'
C:\Users\adham\onedrive\Desktop\ACM\sfmlSolving\sfmlSolving\main.cpp(10356,25): warning C4244: '=': conversion from 'int' to 'float', possible loss of data
C:\Users\adham\onedrive\Desktop\ACM\sfmlSolving\sfmlSolving\main.cpp(10357,46): warning C4244: '=': conversion from 'int' to 'float', possible loss of data
C:\Users\adham\onedrive\Desktop\ACM\sfmlSolving\sfmlSolving\main.cpp(10358,25): warning C4244: '=': conversion from 'int' to 'float', possible loss of data
C:\Users\adham\onedrive\Desktop\ACM\sfmlSolving\sfmlSolving\main.cpp(10359,35): warning C4244: '=': conversion from 'int' to 'float', possible loss of data
C:\Users\adham\onedrive\Desktop\ACM\sfmlSolving\sfmlSolving\main.cpp(10374,26): warning C4244: '=': conversion from 'int' to 'float', possible loss of data
C:\Users\adham\onedrive\Desktop\ACM\sfmlSolving\sfmlSolving\main.cpp(10375,47): warning C4244: '=': conversion from 'int' to 'float', possible loss of data
C:\Users\adham\onedrive\Desktop\ACM\sfmlSolving\sfmlSolving\main.cpp(10376,26): warning C4244: '=': conversion from 'int' to 'float', possible loss of data
C:\Users\adham\onedrive\Desktop\ACM\sfmlSolving\sfmlSolving\main.cpp(10377,36): warning C4244: '=': conversion from 'int' to 'float', possible loss of data
C:\Users\adham\onedrive\Desktop\ACM\sfmlSolving\sfmlSolving\main.cpp(10501,105): warning C4305: 'argument': truncation from 'double' to 'float'
C:\Users\adham\onedrive\Desktop\ACM\sfmlSolving\sfmlSolving\main.cpp(10501,99): warning C4305: 'argument': truncation from 'double' to 'float'
C:\Users\adham\onedrive\Desktop\ACM\sfmlSolving\sfmlSolving\main.cpp(10520,16): warning C4244: '=': conversion from 'int' to 'float', possible loss of data
C:\Users\adham\onedrive\Desktop\ACM\sfmlSolving\sfmlSolving\main.cpp(10524,9): warning C4244: '=': conversion from 'int' to 'float', possible loss of data
C:\Users\adham\onedrive\Desktop\ACM\sfmlSolving\sfmlSolving\main.cpp(10525,16): warning C4244: '=': conversion from 'int' to 'float', possible loss of data
C:\Users\adham\onedrive\Desktop\ACM\sfmlSolving\sfmlSolving\main.cpp(10528,16): warning C4244: '=': conversion from 'int' to 'float', possible loss of data
C:\Users\adham\onedrive\Desktop\ACM\sfmlSolving\sfmlSolving\main.cpp(10529,9): warning C4244: '=': conversion from 'int' to 'float', possible loss of data
C:\Users\adham\onedrive\Desktop\ACM\sfmlSolving\sfmlSolving\main.cpp(10533,16): warning C4244: '=': conversion from 'int' to 'float', possible loss of data
C:\Users\adham\onedrive\Desktop\ACM\sfmlSolving\sfmlSolving\main.cpp(10600,25): warning C4244: '=': conversion from 'int' to 'float', possible loss of data
C:\Users\adham\onedrive\Desktop\ACM\sfmlSolving\sfmlSolving\main.cpp(10601,46): warning C4244: '=': conversion from 'int' to 'float', possible loss of data
C:\Users\adham\onedrive\Desktop\ACM\sfmlSolving\sfmlSolving\main.cpp(10602,25): warning C4244: '=': conversion from 'int' to 'float', possible loss of data
C:\Users\adham\onedrive\Desktop\ACM\sfmlSolving\sfmlSolving\main.cpp(10603,35): warning C4244: '=': conversion from 'int' to 'float', possible loss of data
C:\Users\adham\onedrive\Desktop\ACM\sfmlSolving\sfmlSolving\main.cpp(10618,26): warning C4244: '=': conversion from 'int' to 'float', possible loss of data
C:\Users\adham\onedrive\Desktop\ACM\sfmlSolving\sfmlSolving\main.cpp(10619,47): warning C4244: '=': conversion from 'int' to 'float', possible loss of data
C:\Users\adham\onedrive\Desktop\ACM\sfmlSolving\sfmlSolving\main.cpp(10620,26): warning C4244: '=': conversion from 'int' to 'float', possible loss of data
C:\Users\adham\onedrive\Desktop\ACM\sfmlSolving\sfmlSolving\main.cpp(10621,36): warning C4244: '=': conversion from 'int' to 'float', possible loss of data
C:\Users\adham\onedrive\Desktop\ACM\sfmlSolving\sfmlSolving\main.cpp(10701,33): warning C4244: 'argument': conversion from 'int' to 'float', possible loss of data
C:\Users\adham\onedrive\Desktop\ACM\sfmlSolving\sfmlSolving\main.cpp(10706,33): warning C4244: 'argument': conversion from 'int' to 'float', possible loss of data
C:\Users\adham\onedrive\Desktop\ACM\sfmlSolving\sfmlSolving\main.cpp(10715,36): warning C4244: 'argument': conversion from 'int' to 'float', possible loss of data
C:\Users\adham\onedrive\Desktop\ACM\sfmlSolving\sfmlSolving\main.cpp(10720,36): warning C4244: 'argument': conversion from 'int' to 'float', possible loss of data
C:\Users\adham\onedrive\Desktop\ACM\sfmlSolving\sfmlSolving\main.cpp(10734,33): warning C4244: 'argument': conversion from 'int' to 'float', possible loss of data
C:\Users\adham\onedrive\Desktop\ACM\sfmlSolving\sfmlSolving\main.cpp(10739,33): warning C4244: 'argument': conversion from 'int' to 'float', possible loss of data
C:\Users\adham\onedrive\Desktop\ACM\sfmlSolving\sfmlSolving\main.cpp(10748,36): warning C4244: 'argument': conversion from 'int' to 'float', possible loss of data
C:\Users\adham\onedrive\Desktop\ACM\sfmlSolving\sfmlSolving\main.cpp(10753,36): warning C4244: 'argument': conversion from 'int' to 'float', possible loss of data
C:\Users\adham\onedrive\Desktop\ACM\sfmlSolving\sfmlSolving\main.cpp(10767,33): warning C4244: 'argument': conversion from 'int' to 'float', possible loss of data
C:\Users\adham\onedrive\Desktop\ACM\sfmlSolving\sfmlSolving\main.cpp(10772,33): warning C4244: 'argument': conversion from 'int' to 'float', possible loss of data
C:\Users\adham\onedrive\Desktop\ACM\sfmlSolving\sfmlSolving\main.cpp(10781,36): warning C4244: 'argument': conversion from 'int' to 'float', possible loss of data
C:\Users\adham\onedrive\Desktop\ACM\sfmlSolving\sfmlSolving\main.cpp(10786,36): warning C4244: 'argument': conversion from 'int' to 'float', possible loss of data
C:\Users\adham\onedrive\Desktop\ACM\sfmlSolving\sfmlSolving\main.cpp(10834,33): warning C4244: 'argument': conversion from 'int' to 'float', possible loss of data
C:\Users\adham\onedrive\Desktop\ACM\sfmlSolving\sfmlSolving\main.cpp(10839,33): warning C4244: 'argument': conversion from 'int' to 'float', possible loss of data
C:\Users\adham\onedrive\Desktop\ACM\sfmlSolving\sfmlSolving\main.cpp(10848,36): warning C4244: 'argument': conversion from 'int' to 'float', possible loss of data
C:\Users\adham\onedrive\Desktop\ACM\sfmlSolving\sfmlSolving\main.cpp(10853,36): warning C4244: 'argument': conversion from 'int' to 'float', possible loss of data
C:\Users\adham\onedrive\Desktop\ACM\sfmlSolving\sfmlSolving\main.cpp(10868,33): warning C4244: 'argument': conversion from 'int' to 'float', possible loss of data
C:\Users\adham\onedrive\Desktop\ACM\sfmlSolving\sfmlSolving\main.cpp(10873,33): warning C4244: 'argument': conversion from 'int' to 'float', possible loss of data
C:\Users\adham\onedrive\Desktop\ACM\sfmlSolving\sfmlSolving\main.cpp(10882,36): warning C4244: 'argument': conversion from 'int' to 'float', possible loss of data
C:\Users\adham\onedrive\Desktop\ACM\sfmlSolving\sfmlSolving\main.cpp(10887,36): warning C4244: 'argument': conversion from 'int' to 'float', possible loss of data
C:\Users\adham\onedrive\Desktop\ACM\sfmlSolving\sfmlSolving\main.cpp(10902,33): warning C4244: 'argument': conversion from 'int' to 'float', possible loss of data
C:\Users\adham\onedrive\Desktop\ACM\sfmlSolving\sfmlSolving\main.cpp(10907,33): warning C4244: 'argument': conversion from 'int' to 'float', possible loss of data
C:\Users\adham\onedrive\Desktop\ACM\sfmlSolving\sfmlSolving\main.cpp(10916,36): warning C4244: 'argument': conversion from 'int' to 'float', possible loss of data
C:\Users\adham\onedrive\Desktop\ACM\sfmlSolving\sfmlSolving\main.cpp(10921,36): warning C4244: 'argument': conversion from 'int' to 'float', possible loss of data
C:\Users\adham\onedrive\Desktop\ACM\sfmlSolving\sfmlSolving\main.cpp(10934,34): warning C4244: 'argument': conversion from 'int' to 'float', possible loss of data
C:\Users\adham\onedrive\Desktop\ACM\sfmlSolving\sfmlSolving\main.cpp(10938,34): warning C4244: 'argument': conversion from 'int' to 'float', possible loss of data
C:\Users\adham\onedrive\Desktop\ACM\sfmlSolving\sfmlSolving\main.cpp(10941,31): warning C4244: 'argument': conversion from 'int' to 'float', possible loss of data
C:\Users\adham\onedrive\Desktop\ACM\sfmlSolving\sfmlSolving\main.cpp(10945,31): warning C4244: 'argument': conversion from 'int' to 'float', possible loss of data
C:\Users\adham\onedrive\Desktop\ACM\sfmlSolving\sfmlSolving\main.cpp(11003,105): warning C4305: 'argument': truncation from 'double' to 'float'
C:\Users\adham\onedrive\Desktop\ACM\sfmlSolving\sfmlSolving\main.cpp(11003,99): warning C4305: 'argument': truncation from 'double' to 'float'
C:\Users\adham\onedrive\Desktop\ACM\sfmlSolving\sfmlSolving\main.cpp(11004,105): warning C4305: 'argument': truncation from 'double' to 'float'
C:\Users\adham\onedrive\Desktop\ACM\sfmlSolving\sfmlSolving\main.cpp(11004,99): warning C4305: 'argument': truncation from 'double' to 'float'
C:\Users\adham\onedrive\Desktop\ACM\sfmlSolving\sfmlSolving\main.cpp(11081,24): warning C4244: '=': conversion from 'int' to 'float', possible loss of data
C:\Users\adham\onedrive\Desktop\ACM\sfmlSolving\sfmlSolving\main.cpp(11082,45): warning C4244: '=': conversion from 'int' to 'float', possible loss of data
C:\Users\adham\onedrive\Desktop\ACM\sfmlSolving\sfmlSolving\main.cpp(11083,24): warning C4244: '=': conversion from 'int' to 'float', possible loss of data
C:\Users\adham\onedrive\Desktop\ACM\sfmlSolving\sfmlSolving\main.cpp(11084,34): warning C4244: '=': conversion from 'int' to 'float', possible loss of data
C:\Users\adham\onedrive\Desktop\ACM\sfmlSolving\sfmlSolving\main.cpp(11099,25): warning C4244: '=': conversion from 'int' to 'float', possible loss of data
C:\Users\adham\onedrive\Desktop\ACM\sfmlSolving\sfmlSolving\main.cpp(11100,46): warning C4244: '=': conversion from 'int' to 'float', possible loss of data
C:\Users\adham\onedrive\Desktop\ACM\sfmlSolving\sfmlSolving\main.cpp(11101,25): warning C4244: '=': conversion from 'int' to 'float', possible loss of data
C:\Users\adham\onedrive\Desktop\ACM\sfmlSolving\sfmlSolving\main.cpp(11102,35): warning C4244: '=': conversion from 'int' to 'float', possible loss of data
C:\Users\adham\onedrive\Desktop\ACM\sfmlSolving\sfmlSolving\main.cpp(11217,105): warning C4305: 'argument': truncation from 'double' to 'float'
C:\Users\adham\onedrive\Desktop\ACM\sfmlSolving\sfmlSolving\main.cpp(11217,99): warning C4305: 'argument': truncation from 'double' to 'float'
C:\Users\adham\onedrive\Desktop\ACM\sfmlSolving\sfmlSolving\main.cpp(11218,105): warning C4305: 'argument': truncation from 'double' to 'float'
C:\Users\adham\onedrive\Desktop\ACM\sfmlSolving\sfmlSolving\main.cpp(11218,99): warning C4305: 'argument': truncation from 'double' to 'float'
C:\Users\adham\onedrive\Desktop\ACM\sfmlSolving\sfmlSolving\main.cpp(11267,24): warning C4244: '=': conversion from 'int' to 'float', possible loss of data
C:\Users\adham\onedrive\Desktop\ACM\sfmlSolving\sfmlSolving\main.cpp(11268,45): warning C4244: '=': conversion from 'int' to 'float', possible loss of data
C:\Users\adham\onedrive\Desktop\ACM\sfmlSolving\sfmlSolving\main.cpp(11269,24): warning C4244: '=': conversion from 'int' to 'float', possible loss of data
C:\Users\adham\onedrive\Desktop\ACM\sfmlSolving\sfmlSolving\main.cpp(11270,34): warning C4244: '=': conversion from 'int' to 'float', possible loss of data
C:\Users\adham\onedrive\Desktop\ACM\sfmlSolving\sfmlSolving\main.cpp(11285,25): warning C4244: '=': conversion from 'int' to 'float', possible loss of data
C:\Users\adham\onedrive\Desktop\ACM\sfmlSolving\sfmlSolving\main.cpp(11286,46): warning C4244: '=': conversion from 'int' to 'float', possible loss of data
C:\Users\adham\onedrive\Desktop\ACM\sfmlSolving\sfmlSolving\main.cpp(11287,25): warning C4244: '=': conversion from 'int' to 'float', possible loss of data
C:\Users\adham\onedrive\Desktop\ACM\sfmlSolving\sfmlSolving\main.cpp(11288,35): warning C4244: '=': conversion from 'int' to 'float', possible loss of data
C:\Users\adham\onedrive\Desktop\ACM\sfmlSolving\sfmlSolving\main.cpp(11422,105): warning C4305: 'argument': truncation from 'double' to 'float'
C:\Users\adham\onedrive\Desktop\ACM\sfmlSolving\sfmlSolving\main.cpp(11422,99): warning C4305: 'argument': truncation from 'double' to 'float'
C:\Users\adham\onedrive\Desktop\ACM\sfmlSolving\sfmlSolving\main.cpp(11423,105): warning C4305: 'argument': truncation from 'double' to 'float'
C:\Users\adham\onedrive\Desktop\ACM\sfmlSolving\sfmlSolving\main.cpp(11423,99): warning C4305: 'argument': truncation from 'double' to 'float'
C:\Users\adham\onedrive\Desktop\ACM\sfmlSolving\sfmlSolving\main.cpp(11455,25): warning C4244: '=': conversion from 'int' to 'float', possible loss of data
C:\Users\adham\onedrive\Desktop\ACM\sfmlSolving\sfmlSolving\main.cpp(11456,46): warning C4244: '=': conversion from 'int' to 'float', possible loss of data
C:\Users\adham\onedrive\Desktop\ACM\sfmlSolving\sfmlSolving\main.cpp(11457,25): warning C4244: '=': conversion from 'int' to 'float', possible loss of data
C:\Users\adham\onedrive\Desktop\ACM\sfmlSolving\sfmlSolving\main.cpp(11458,35): warning C4244: '=': conversion from 'int' to 'float', possible loss of data
C:\Users\adham\onedrive\Desktop\ACM\sfmlSolving\sfmlSolving\main.cpp(11473,26): warning C4244: '=': conversion from 'int' to 'float', possible loss of data
C:\Users\adham\onedrive\Desktop\ACM\sfmlSolving\sfmlSolving\main.cpp(11474,47): warning C4244: '=': conversion from 'int' to 'float', possible loss of data
C:\Users\adham\onedrive\Desktop\ACM\sfmlSolving\sfmlSolving\main.cpp(11475,26): warning C4244: '=': conversion from 'int' to 'float', possible loss of data
C:\Users\adham\onedrive\Desktop\ACM\sfmlSolving\sfmlSolving\main.cpp(11476,36): warning C4244: '=': conversion from 'int' to 'float', possible loss of data
C:\Users\adham\onedrive\Desktop\ACM\sfmlSolving\sfmlSolving\main.cpp(11542,83): warning C4244: 'argument': conversion from 'int' to 'float', possible loss of data
C:\Users\adham\onedrive\Desktop\ACM\sfmlSolving\sfmlSolving\main.cpp(11542,56): warning C4244: 'argument': conversion from 'int' to 'float', possible loss of data
C:\Users\adham\onedrive\Desktop\ACM\sfmlSolving\sfmlSolving\main.cpp(11792,105): warning C4305: 'argument': truncation from 'double' to 'float'
C:\Users\adham\onedrive\Desktop\ACM\sfmlSolving\sfmlSolving\main.cpp(11792,99): warning C4305: 'argument': truncation from 'double' to 'float'
C:\Users\adham\onedrive\Desktop\ACM\sfmlSolving\sfmlSolving\main.cpp(11793,105): warning C4305: 'argument': truncation from 'double' to 'float'
C:\Users\adham\onedrive\Desktop\ACM\sfmlSolving\sfmlSolving\main.cpp(11793,99): warning C4305: 'argument': truncation from 'double' to 'float'
C:\Users\adham\onedrive\Desktop\ACM\sfmlSolving\sfmlSolving\main.cpp(11828,25): warning C4244: '=': conversion from 'int' to 'float', possible loss of data
C:\Users\adham\onedrive\Desktop\ACM\sfmlSolving\sfmlSolving\main.cpp(11829,46): warning C4244: '=': conversion from 'int' to 'float', possible loss of data
C:\Users\adham\onedrive\Desktop\ACM\sfmlSolving\sfmlSolving\main.cpp(11830,25): warning C4244: '=': conversion from 'int' to 'float', possible loss of data
C:\Users\adham\onedrive\Desktop\ACM\sfmlSolving\sfmlSolving\main.cpp(11831,35): warning C4244: '=': conversion from 'int' to 'float', possible loss of data
C:\Users\adham\onedrive\Desktop\ACM\sfmlSolving\sfmlSolving\main.cpp(11846,26): warning C4244: '=': conversion from 'int' to 'float', possible loss of data
C:\Users\adham\onedrive\Desktop\ACM\sfmlSolving\sfmlSolving\main.cpp(11847,47): warning C4244: '=': conversion from 'int' to 'float', possible loss of data
C:\Users\adham\onedrive\Desktop\ACM\sfmlSolving\sfmlSolving\main.cpp(11848,26): warning C4244: '=': conversion from 'int' to 'float', possible loss of data
C:\Users\adham\onedrive\Desktop\ACM\sfmlSolving\sfmlSolving\main.cpp(11849,36): warning C4244: '=': conversion from 'int' to 'float', possible loss of data
C:\Users\adham\onedrive\Desktop\ACM\sfmlSolving\sfmlSolving\main.cpp(11975,105): warning C4305: 'argument': truncation from 'double' to 'float'
C:\Users\adham\onedrive\Desktop\ACM\sfmlSolving\sfmlSolving\main.cpp(11975,99): warning C4305: 'argument': truncation from 'double' to 'float'
C:\Users\adham\onedrive\Desktop\ACM\sfmlSolving\sfmlSolving\main.cpp(11976,105): warning C4305: 'argument': truncation from 'double' to 'float'
C:\Users\adham\onedrive\Desktop\ACM\sfmlSolving\sfmlSolving\main.cpp(11976,99): warning C4305: 'argument': truncation from 'double' to 'float'
C:\Users\adham\onedrive\Desktop\ACM\sfmlSolving\sfmlSolving\main.cpp(11995,16): warning C4244: '=': conversion from 'int' to 'float', possible loss of data
C:\Users\adham\onedrive\Desktop\ACM\sfmlSolving\sfmlSolving\main.cpp(11999,9): warning C4244: '=': conversion from 'int' to 'float', possible loss of data
C:\Users\adham\onedrive\Desktop\ACM\sfmlSolving\sfmlSolving\main.cpp(12000,16): warning C4244: '=': conversion from 'int' to 'float', possible loss of data
C:\Users\adham\onedrive\Desktop\ACM\sfmlSolving\sfmlSolving\main.cpp(12003,16): warning C4244: '=': conversion from 'int' to 'float', possible loss of data
C:\Users\adham\onedrive\Desktop\ACM\sfmlSolving\sfmlSolving\main.cpp(12004,9): warning C4244: '=': conversion from 'int' to 'float', possible loss of data
C:\Users\adham\onedrive\Desktop\ACM\sfmlSolving\sfmlSolving\main.cpp(12008,16): warning C4244: '=': conversion from 'int' to 'float', possible loss of data
C:\Users\adham\onedrive\Desktop\ACM\sfmlSolving\sfmlSolving\main.cpp(12071,25): warning C4244: '=': conversion from 'int' to 'float', possible loss of data
C:\Users\adham\onedrive\Desktop\ACM\sfmlSolving\sfmlSolving\main.cpp(12072,46): warning C4244: '=': conversion from 'int' to 'float', possible loss of data
C:\Users\adham\onedrive\Desktop\ACM\sfmlSolving\sfmlSolving\main.cpp(12073,25): warning C4244: '=': conversion from 'int' to 'float', possible loss of data
C:\Users\adham\onedrive\Desktop\ACM\sfmlSolving\sfmlSolving\main.cpp(12074,35): warning C4244: '=': conversion from 'int' to 'float', possible loss of data
C:\Users\adham\onedrive\Desktop\ACM\sfmlSolving\sfmlSolving\main.cpp(12089,26): warning C4244: '=': conversion from 'int' to 'float', possible loss of data
C:\Users\adham\onedrive\Desktop\ACM\sfmlSolving\sfmlSolving\main.cpp(12090,47): warning C4244: '=': conversion from 'int' to 'float', possible loss of data
C:\Users\adham\onedrive\Desktop\ACM\sfmlSolving\sfmlSolving\main.cpp(12091,26): warning C4244: '=': conversion from 'int' to 'float', possible loss of data
C:\Users\adham\onedrive\Desktop\ACM\sfmlSolving\sfmlSolving\main.cpp(12092,36): warning C4244: '=': conversion from 'int' to 'float', possible loss of data
C:\Users\adham\onedrive\Desktop\ACM\sfmlSolving\sfmlSolving\main.cpp(12174,33): warning C4244: 'argument': conversion from 'int' to 'float', possible loss of data
C:\Users\adham\onedrive\Desktop\ACM\sfmlSolving\sfmlSolving\main.cpp(12179,33): warning C4244: 'argument': conversion from 'int' to 'float', possible loss of data
C:\Users\adham\onedrive\Desktop\ACM\sfmlSolving\sfmlSolving\main.cpp(12188,36): warning C4244: 'argument': conversion from 'int' to 'float', possible loss of data
C:\Users\adham\onedrive\Desktop\ACM\sfmlSolving\sfmlSolving\main.cpp(12193,36): warning C4244: 'argument': conversion from 'int' to 'float', possible loss of data
C:\Users\adham\onedrive\Desktop\ACM\sfmlSolving\sfmlSolving\main.cpp(12207,33): warning C4244: 'argument': conversion from 'int' to 'float', possible loss of data
C:\Users\adham\onedrive\Desktop\ACM\sfmlSolving\sfmlSolving\main.cpp(12212,33): warning C4244: 'argument': conversion from 'int' to 'float', possible loss of data
C:\Users\adham\onedrive\Desktop\ACM\sfmlSolving\sfmlSolving\main.cpp(12221,36): warning C4244: 'argument': conversion from 'int' to 'float', possible loss of data
C:\Users\adham\onedrive\Desktop\ACM\sfmlSolving\sfmlSolving\main.cpp(12226,36): warning C4244: 'argument': conversion from 'int' to 'float', possible loss of data
C:\Users\adham\onedrive\Desktop\ACM\sfmlSolving\sfmlSolving\main.cpp(12240,33): warning C4244: 'argument': conversion from 'int' to 'float', possible loss of data
C:\Users\adham\onedrive\Desktop\ACM\sfmlSolving\sfmlSolving\main.cpp(12245,33): warning C4244: 'argument': conversion from 'int' to 'float', possible loss of data
C:\Users\adham\onedrive\Desktop\ACM\sfmlSolving\sfmlSolving\main.cpp(12254,36): warning C4244: 'argument': conversion from 'int' to 'float', possible loss of data
C:\Users\adham\onedrive\Desktop\ACM\sfmlSolving\sfmlSolving\main.cpp(12259,36): warning C4244: 'argument': conversion from 'int' to 'float', possible loss of data
C:\Users\adham\onedrive\Desktop\ACM\sfmlSolving\sfmlSolving\main.cpp(12307,33): warning C4244: 'argument': conversion from 'int' to 'float', possible loss of data
C:\Users\adham\onedrive\Desktop\ACM\sfmlSolving\sfmlSolving\main.cpp(12312,33): warning C4244: 'argument': conversion from 'int' to 'float', possible loss of data
C:\Users\adham\onedrive\Desktop\ACM\sfmlSolving\sfmlSolving\main.cpp(12321,36): warning C4244: 'argument': conversion from 'int' to 'float', possible loss of data
C:\Users\adham\onedrive\Desktop\ACM\sfmlSolving\sfmlSolving\main.cpp(12326,36): warning C4244: 'argument': conversion from 'int' to 'float', possible loss of data
C:\Users\adham\onedrive\Desktop\ACM\sfmlSolving\sfmlSolving\main.cpp(12341,33): warning C4244: 'argument': conversion from 'int' to 'float', possible loss of data
C:\Users\adham\onedrive\Desktop\ACM\sfmlSolving\sfmlSolving\main.cpp(12346,33): warning C4244: 'argument': conversion from 'int' to 'float', possible loss of data
C:\Users\adham\onedrive\Desktop\ACM\sfmlSolving\sfmlSolving\main.cpp(12355,36): warning C4244: 'argument': conversion from 'int' to 'float', possible loss of data
C:\Users\adham\onedrive\Desktop\ACM\sfmlSolving\sfmlSolving\main.cpp(12360,36): warning C4244: 'argument': conversion from 'int' to 'float', possible loss of data
C:\Users\adham\onedrive\Desktop\ACM\sfmlSolving\sfmlSolving\main.cpp(12375,33): warning C4244: 'argument': conversion from 'int' to 'float', possible loss of data
C:\Users\adham\onedrive\Desktop\ACM\sfmlSolving\sfmlSolving\main.cpp(12380,33): warning C4244: 'argument': conversion from 'int' to 'float', possible loss of data
C:\Users\adham\onedrive\Desktop\ACM\sfmlSolving\sfmlSolving\main.cpp(12389,36): warning C4244: 'argument': conversion from 'int' to 'float', possible loss of data
C:\Users\adham\onedrive\Desktop\ACM\sfmlSolving\sfmlSolving\main.cpp(12394,36): warning C4244: 'argument': conversion from 'int' to 'float', possible loss of data
C:\Users\adham\onedrive\Desktop\ACM\sfmlSolving\sfmlSolving\main.cpp(12407,34): warning C4244: 'argument': conversion from 'int' to 'float', possible loss of data
C:\Users\adham\onedrive\Desktop\ACM\sfmlSolving\sfmlSolving\main.cpp(12411,34): warning C4244: 'argument': conversion from 'int' to 'float', possible loss of data
C:\Users\adham\onedrive\Desktop\ACM\sfmlSolving\sfmlSolving\main.cpp(12414,31): warning C4244: 'argument': conversion from 'int' to 'float', possible loss of data
C:\Users\adham\onedrive\Desktop\ACM\sfmlSolving\sfmlSolving\main.cpp(12418,31): warning C4244: 'argument': conversion from 'int' to 'float', possible loss of data
C:\Users\adham\onedrive\Desktop\ACM\sfmlSolving\sfmlSolving\main.cpp(13406,25): warning C4244: 'argument': conversion from 'float' to 'T', possible loss of data
C:\Users\adham\onedrive\Desktop\ACM\sfmlSolving\sfmlSolving\main.cpp(13406,25): warning C4244:         with
C:\Users\adham\onedrive\Desktop\ACM\sfmlSolving\sfmlSolving\main.cpp(13406,25): warning C4244:         [
C:\Users\adham\onedrive\Desktop\ACM\sfmlSolving\sfmlSolving\main.cpp(13406,25): warning C4244:             T=int
C:\Users\adham\onedrive\Desktop\ACM\sfmlSolving\sfmlSolving\main.cpp(13406,25): warning C4244:         ]
C:\Users\adham\onedrive\Desktop\ACM\sfmlSolving\sfmlSolving\main.cpp(13415,35): warning C4244: 'argument': conversion from 'float' to 'T', possible loss of data
C:\Users\adham\onedrive\Desktop\ACM\sfmlSolving\sfmlSolving\main.cpp(13415,35): warning C4244:         with
C:\Users\adham\onedrive\Desktop\ACM\sfmlSolving\sfmlSolving\main.cpp(13415,35): warning C4244:         [
C:\Users\adham\onedrive\Desktop\ACM\sfmlSolving\sfmlSolving\main.cpp(13415,35): warning C4244:             T=int
C:\Users\adham\onedrive\Desktop\ACM\sfmlSolving\sfmlSolving\main.cpp(13415,35): warning C4244:         ]
C:\Users\adham\onedrive\Desktop\ACM\sfmlSolving\sfmlSolving\main.cpp(13345,6): warning C4101: 'levelID': unreferenced local variable
  sfmlSolving.vcxproj -> C:\Users\adham\OneDrive\Desktop\ACM\sfmlSolving\x64\Debug\sfmlSolving.exe
